,year,t_s0.0,t_s0.05,t_s0.1,t_s0.15,t_s0.2,t_s0.25,t_s0.3,t_s0.35,t_s0.4,t_s0.45,t_s0.5,t_s0.55,t_s0.6,t_s0.65,t_s0.7,t_s0.75,t_s0.8,t_s0.85,t_s0.9,t_s0.95,t_s1.0,t_s1.05,t_s1.1,t_s1.15,t_s1.2,t_s1.25,t_s1.3,t_s1.35,t_s1.4,t_s1.45,t_s1.5,t_s1.55,t_s1.6,t_s1.65,t_s1.7,t_s1.75,t_s1.8,t_s1.85,t_s1.9,t_s1.95,t_s2.0
0,1765.0,,,,,,,,,,,,,,,,,,,,,,,,,,,,,,,,,,,,,,,,,
1,1766.0,,,,,,,,,,,,,,,,,,,,,,,,,,,,,,,,,,,,,,,,,
2,1767.0,,,,,,,,,,,,,,,,,,,,,,,,,,,,,,,,,,,,,,,,,
3,1768.0,,,,,,,,,,,,,,,,,,,,,,,,,,,,,,,,,,,,,,,,,
4,1769.0,,,,,,,,,,,,,,,,,,,,,,,,,,,,,,,,,,,,,,,,,
5,1770.0,,,,,,,,,,,,,,,,,,,,,,,,,,,,,,,,,,,,,,,,,
6,1771.0,,,,,,,,,,,,,,,,,,,,,,,,,,,,,,,,,,,,,,,,,
7,1772.0,,,,,,,,,,,,,,,,,,,,,,,,,,,,,,,,,,,,,,,,,
8,1773.0,,,,,,,,,,,,,,,,,,,,,,,,,,,,,,,,,,,,,,,,,
9,1774.0,,,,,,,,,,,,,,,,,,,,,,,,,,,,,,,,,,,,,,,,,
10,1775.0,,,,,,,,,,,,,,,,,,,,,,,,,,,,,,,,,,,,,,,,,
11,1776.0,,,,,,,,,,,,,,,,,,,,,,,,,,,,,,,,,,,,,,,,,
12,1777.0,,,,,,,,,,,,,,,,,,,,,,,,,,,,,,,,,,,,,,,,,
13,1778.0,,,,,,,,,,,,,,,,,,,,,,,,,,,,,,,,,,,,,,,,,
14,1779.0,,,,,,,,,,,,,,,,,,,,,,,,,,,,,,,,,,,,,,,,,
15,1780.0,,,,,,,,,,,,,,,,,,,,,,,,,,,,,,,,,,,,,,,,,
16,1781.0,,,,,,,,,,,,,,,,,,,,,,,,,,,,,,,,,,,,,,,,,
17,1782.0,,,,,,,,,,,,,,,,,,,,,,,,,,,,,,,,,,,,,,,,,
18,1783.0,,,,,,,,,,,,,,,,,,,,,,,,,,,,,,,,,,,,,,,,,
19,1784.0,,,,,,,,,,,,,,,,,,,,,,,,,,,,,,,,,,,,,,,,,
20,1785.0,,,,,,,,,,,,,,,,,,,,,,,,,,,,,,,,,,,,,,,,,
21,1786.0,,,,,,,,,,,,,,,,,,,,,,,,,,,,,,,,,,,,,,,,,
22,1787.0,,,,,,,,,,,,,,,,,,,,,,,,,,,,,,,,,,,,,,,,,
23,1788.0,,,,,,,,,,,,,,,,,,,,,,,,,,,,,,,,,,,,,,,,,
24,1789.0,,,,,,,,,,,,,,,,,,,,,,,,,,,,,,,,,,,,,,,,,
25,1790.0,,,,,,,,,,,,,,,,,,,,,,,,,,,,,,,,,,,,,,,,,
26,1791.0,,,,,,,,,,,,,,,,,,,,,,,,,,,,,,,,,,,,,,,,,
27,1792.0,,,,,,,,,,,,,,,,,,,,,,,,,,,,,,,,,,,,,,,,,
28,1793.0,,,,,,,,,,,,,,,,,,,,,,,,,,,,,,,,,,,,,,,,,
29,1794.0,,,,,,,,,,,,,,,,,,,,,,,,,,,,,,,,,,,,,,,,,
30,1795.0,,,,,,,,,,,,,,,,,,,,,,,,,,,,,,,,,,,,,,,,,
31,1796.0,,,,,,,,,,,,,,,,,,,,,,,,,,,,,,,,,,,,,,,,,
32,1797.0,,,,,,,,,,,,,,,,,,,,,,,,,,,,,,,,,,,,,,,,,
33,1798.0,,,,,,,,,,,,,,,,,,,,,,,,,,,,,,,,,,,,,,,,,
34,1799.0,,,,,,,,,,,,,,,,,,,,,,,,,,,,,,,,,,,,,,,,,
35,1800.0,,,,,,,,,,,,,,,,,,,,,,,,,,,,,,,,,,,,,,,,,
36,1801.0,,,,,,,,,,,,,,,,,,,,,,,,,,,,,,,,,,,,,,,,,
37,1802.0,,,,,,,,,,,,,,,,,,,,,,,,,,,,,,,,,,,,,,,,,
38,1803.0,,,,,,,,,,,,,,,,,,,,,,,,,,,,,,,,,,,,,,,,,
39,1804.0,,,,,,,,,,,,,,,,,,,,,,,,,,,,,,,,,,,,,,,,,
40,1805.0,,,,,,,,,,,,,,,,,,,,,,,,,,,,,,,,,,,,,,,,,
41,1806.0,,,,,,,,,,,,,,,,,,,,,,,,,,,,,,,,,,,,,,,,,
42,1807.0,,,,,,,,,,,,,,,,,,,,,,,,,,,,,,,,,,,,,,,,,
43,1808.0,,,,,,,,,,,,,,,,,,,,,,,,,,,,,,,,,,,,,,,,,
44,1809.0,,,,,,,,,,,,,,,,,,,,,,,,,,,,,,,,,,,,,,,,,
45,1810.0,,,,,,,,,,,,,,,,,,,,,,,,,,,,,,,,,,,,,,,,,
46,1811.0,,,,,,,,,,,,,,,,,,,,,,,,,,,,,,,,,,,,,,,,,
47,1812.0,,,,,,,,,,,,,,,,,,,,,,,,,,,,,,,,,,,,,,,,,
48,1813.0,,,,,,,,,,,,,,,,,,,,,,,,,,,,,,,,,,,,,,,,,
49,1814.0,,,,,,,,,,,,,,,,,,,,,,,,,,,,,,,,,,,,,,,,,
50,1815.0,,,,,,,,,,,,,,,,,,,,,,,,,,,,,,,,,,,,,,,,,
51,1816.0,,,,,,,,,,,,,,,,,,,,,,,,,,,,,,,,,,,,,,,,,
52,1817.0,,,,,,,,,,,,,,,,,,,,,,,,,,,,,,,,,,,,,,,,,
53,1818.0,,,,,,,,,,,,,,,,,,,,,,,,,,,,,,,,,,,,,,,,,
54,1819.0,,,,,,,,,,,,,,,,,,,,,,,,,,,,,,,,,,,,,,,,,
55,1820.0,,,,,,,,,,,,,,,,,,,,,,,,,,,,,,,,,,,,,,,,,
56,1821.0,,,,,,,,,,,,,,,,,,,,,,,,,,,,,,,,,,,,,,,,,
57,1822.0,,,,,,,,,,,,,,,,,,,,,,,,,,,,,,,,,,,,,,,,,
58,1823.0,,,,,,,,,,,,,,,,,,,,,,,,,,,,,,,,,,,,,,,,,
59,1824.0,,,,,,,,,,,,,,,,,,,,,,,,,,,,,,,,,,,,,,,,,
60,1825.0,,,,,,,,,,,,,,,,,,,,,,,,,,,,,,,,,,,,,,,,,
61,1826.0,,,,,,,,,,,,,,,,,,,,,,,,,,,,,,,,,,,,,,,,,
62,1827.0,,,,,,,,,,,,,,,,,,,,,,,,,,,,,,,,,,,,,,,,,
63,1828.0,,,,,,,,,,,,,,,,,,,,,,,,,,,,,,,,,,,,,,,,,
64,1829.0,,,,,,,,,,,,,,,,,,,,,,,,,,,,,,,,,,,,,,,,,
65,1830.0,,,,,,,,,,,,,,,,,,,,,,,,,,,,,,,,,,,,,,,,,
66,1831.0,,,,,,,,,,,,,,,,,,,,,,,,,,,,,,,,,,,,,,,,,
67,1832.0,,,,,,,,,,,,,,,,,,,,,,,,,,,,,,,,,,,,,,,,,
68,1833.0,,,,,,,,,,,,,,,,,,,,,,,,,,,,,,,,,,,,,,,,,
69,1834.0,,,,,,,,,,,,,,,,,,,,,,,,,,,,,,,,,,,,,,,,,
70,1835.0,,,,,,,,,,,,,,,,,,,,,,,,,,,,,,,,,,,,,,,,,
71,1836.0,,,,,,,,,,,,,,,,,,,,,,,,,,,,,,,,,,,,,,,,,
72,1837.0,,,,,,,,,,,,,,,,,,,,,,,,,,,,,,,,,,,,,,,,,
73,1838.0,,,,,,,,,,,,,,,,,,,,,,,,,,,,,,,,,,,,,,,,,
74,1839.0,,,,,,,,,,,,,,,,,,,,,,,,,,,,,,,,,,,,,,,,,
75,1840.0,,,,,,,,,,,,,,,,,,,,,,,,,,,,,,,,,,,,,,,,,
76,1841.0,,,,,,,,,,,,,,,,,,,,,,,,,,,,,,,,,,,,,,,,,
77,1842.0,,,,,,,,,,,,,,,,,,,,,,,,,,,,,,,,,,,,,,,,,
78,1843.0,,,,,,,,,,,,,,,,,,,,,,,,,,,,,,,,,,,,,,,,,
79,1844.0,,,,,,,,,,,,,,,,,,,,,,,,,,,,,,,,,,,,,,,,,
80,1845.0,,,,,,,,,,,,,,,,,,,,,,,,,,,,,,,,,,,,,,,,,
81,1846.0,,,,,,,,,,,,,,,,,,,,,,,,,,,,,,,,,,,,,,,,,
82,1847.0,,,,,,,,,,,,,,,,,,,,,,,,,,,,,,,,,,,,,,,,,
83,1848.0,,,,,,,,,,,,,,,,,,,,,,,,,,,,,,,,,,,,,,,,,
84,1849.0,,,,,,,,,,,,,,,,,,,,,,,,,,,,,,,,,,,,,,,,,
85,1850.0,,,,,,,,,,,,,,,,,,,,,,,,,,,,,,,,,,,,,,,,,
86,1851.0,,,,,,,,,,,,,,,,,,,,,,,,,,,,,,,,,,,,,,,,,
87,1852.0,,,,,,,,,,,,,,,,,,,,,,,,,,,,,,,,,,,,,,,,,
88,1853.0,,,,,,,,,,,,,,,,,,,,,,,,,,,,,,,,,,,,,,,,,
89,1854.0,,,,,,,,,,,,,,,,,,,,,,,,,,,,,,,,,,,,,,,,,
90,1855.0,,,,,,,,,,,,,,,,,,,,,,,,,,,,,,,,,,,,,,,,,
91,1856.0,,,,,,,,,,,,,,,,,,,,,,,,,,,,,,,,,,,,,,,,,
92,1857.0,,,,,,,,,,,,,,,,,,,,,,,,,,,,,,,,,,,,,,,,,
93,1858.0,,,,,,,,,,,,,,,,,,,,,,,,,,,,,,,,,,,,,,,,,
94,1859.0,,,,,,,,,,,,,,,,,,,,,,,,,,,,,,,,,,,,,,,,,
95,1860.0,,,,,,,,,,,,,,,,,,,,,,,,,,,,,,,,,,,,,,,,,
96,1861.0,,,,,,,,,,,,,,,,,,,,,,,,,,,,,,,,,,,,,,,,,
97,1862.0,,,,,,,,,,,,,,,,,,,,,,,,,,,,,,,,,,,,,,,,,
98,1863.0,,,,,,,,,,,,,,,,,,,,,,,,,,,,,,,,,,,,,,,,,
99,1864.0,,,,,,,,,,,,,,,,,,,,,,,,,,,,,,,,,,,,,,,,,
100,1865.0,,,,,,,,,,,,,,,,,,,,,,,,,,,,,,,,,,,,,,,,,
101,1866.0,,,,,,,,,,,,,,,,,,,,,,,,,,,,,,,,,,,,,,,,,
102,1867.0,,,,,,,,,,,,,,,,,,,,,,,,,,,,,,,,,,,,,,,,,
103,1868.0,,,,,,,,,,,,,,,,,,,,,,,,,,,,,,,,,,,,,,,,,
104,1869.0,,,,,,,,,,,,,,,,,,,,,,,,,,,,,,,,,,,,,,,,,
105,1870.0,,,,,,,,,,,,,,,,,,,,,,,,,,,,,,,,,,,,,,,,,
106,1871.0,,,,,,,,,,,,,,,,,,,,,,,,,,,,,,,,,,,,,,,,,
107,1872.0,,,,,,,,,,,,,,,,,,,,,,,,,,,,,,,,,,,,,,,,,
108,1873.0,,,,,,,,,,,,,,,,,,,,,,,,,,,,,,,,,,,,,,,,,
109,1874.0,,,,,,,,,,,,,,,,,,,,,,,,,,,,,,,,,,,,,,,,,
110,1875.0,,,,,,,,,,,,,,,,,,,,,,,,,,,,,,,,,,,,,,,,,
111,1876.0,,,,,,,,,,,,,,,,,,,,,,,,,,,,,,,,,,,,,,,,,
112,1877.0,,,,,,,,,,,,,,,,,,,,,,,,,,,,,,,,,,,,,,,,,
113,1878.0,,,,,,,,,,,,,,,,,,,,,,,,,,,,,,,,,,,,,,,,,
114,1879.0,,,,,,,,,,,,,,,,,,,,,,,,,,,,,,,,,,,,,,,,,
115,1880.0,,,,,,,,,,,,,,,,,,,,,,,,,,,,,,,,,,,,,,,,,
116,1881.0,,,,,,,,,,,,,,,,,,,,,,,,,,,,,,,,,,,,,,,,,
117,1882.0,,,,,,,,,,,,,,,,,,,,,,,,,,,,,,,,,,,,,,,,,
118,1883.0,,,,,,,,,,,,,,,,,,,,,,,,,,,,,,,,,,,,,,,,,
119,1884.0,,,,,,,,,,,,,,,,,,,,,,,,,,,,,,,,,,,,,,,,,
120,1885.0,,,,,,,,,,,,,,,,,,,,,,,,,,,,,,,,,,,,,,,,,
121,1886.0,,,,,,,,,,,,,,,,,,,,,,,,,,,,,,,,,,,,,,,,,
122,1887.0,,,,,,,,,,,,,,,,,,,,,,,,,,,,,,,,,,,,,,,,,
123,1888.0,,,,,,,,,,,,,,,,,,,,,,,,,,,,,,,,,,,,,,,,,
124,1889.0,,,,,,,,,,,,,,,,,,,,,,,,,,,,,,,,,,,,,,,,,
125,1890.0,,,,,,,,,,,,,,,,,,,,,,,,,,,,,,,,,,,,,,,,,
126,1891.0,,,,,,,,,,,,,,,,,,,,,,,,,,,,,,,,,,,,,,,,,
127,1892.0,,,,,,,,,,,,,,,,,,,,,,,,,,,,,,,,,,,,,,,,,
128,1893.0,,,,,,,,,,,,,,,,,,,,,,,,,,,,,,,,,,,,,,,,,
129,1894.0,,,,,,,,,,,,,,,,,,,,,,,,,,,,,,,,,,,,,,,,,
130,1895.0,,,,,,,,,,,,,,,,,,,,,,,,,,,,,,,,,,,,,,,,,
131,1896.0,,,,,,,,,,,,,,,,,,,,,,,,,,,,,,,,,,,,,,,,,
132,1897.0,,,,,,,,,,,,,,,,,,,,,,,,,,,,,,,,,,,,,,,,,
133,1898.0,,,,,,,,,,,,,,,,,,,,,,,,,,,,,,,,,,,,,,,,,
134,1899.0,,,,,,,,,,,,,,,,,,,,,,,,,,,,,,,,,,,,,,,,,
135,1900.0,,,,,,,,,,,,,,,,,,,,,,,,,,,,,,,,,,,,,,,,,
136,1901.0,,,,,,,,,,,,,,,,,,,,,,,,,,,,,,,,,,,,,,,,,
137,1902.0,,,,,,,,,,,,,,,,,,,,,,,,,,,,,,,,,,,,,,,,,
138,1903.0,,,,,,,,,,,,,,,,,,,,,,,,,,,,,,,,,,,,,,,,,
139,1904.0,,,,,,,,,,,,,,,,,,,,,,,,,,,,,,,,,,,,,,,,,
140,1905.0,,,,,,,,,,,,,,,,,,,,,,,,,,,,,,,,,,,,,,,,,
141,1906.0,,,,,,,,,,,,,,,,,,,,,,,,,,,,,,,,,,,,,,,,,
142,1907.0,,,,,,,,,,,,,,,,,,,,,,,,,,,,,,,,,,,,,,,,,
143,1908.0,,,,,,,,,,,,,,,,,,,,,,,,,,,,,,,,,,,,,,,,,
144,1909.0,,,,,,,,,,,,,,,,,,,,,,,,,,,,,,,,,,,,,,,,,
145,1910.0,,,,,,,,,,,,,,,,,,,,,,,,,,,,,,,,,,,,,,,,,
146,1911.0,,,,,,,,,,,,,,,,,,,,,,,,,,,,,,,,,,,,,,,,,
147,1912.0,,,,,,,,,,,,,,,,,,,,,,,,,,,,,,,,,,,,,,,,,
148,1913.0,,,,,,,,,,,,,,,,,,,,,,,,,,,,,,,,,,,,,,,,,
149,1914.0,,,,,,,,,,,,,,,,,,,,,,,,,,,,,,,,,,,,,,,,,
150,1915.0,,,,,,,,,,,,,,,,,,,,,,,,,,,,,,,,,,,,,,,,,
151,1916.0,,,,,,,,,,,,,,,,,,,,,,,,,,,,,,,,,,,,,,,,,
152,1917.0,,,,,,,,,,,,,,,,,,,,,,,,,,,,,,,,,,,,,,,,,
153,1918.0,,,,,,,,,,,,,,,,,,,,,,,,,,,,,,,,,,,,,,,,,
154,1919.0,,,,,,,,,,,,,,,,,,,,,,,,,,,,,,,,,,,,,,,,,
155,1920.0,,,,,,,,,,,,,,,,,,,,,,,,,,,,,,,,,,,,,,,,,
156,1921.0,,,,,,,,,,,,,,,,,,,,,,,,,,,,,,,,,,,,,,,,,
157,1922.0,,,,,,,,,,,,,,,,,,,,,,,,,,,,,,,,,,,,,,,,,
158,1923.0,,,,,,,,,,,,,,,,,,,,,,,,,,,,,,,,,,,,,,,,,
159,1924.0,,,,,,,,,,,,,,,,,,,,,,,,,,,,,,,,,,,,,,,,,
160,1925.0,,,,,,,,,,,,,,,,,,,,,,,,,,,,,,,,,,,,,,,,,
161,1926.0,,,,,,,,,,,,,,,,,,,,,,,,,,,,,,,,,,,,,,,,,
162,1927.0,,,,,,,,,,,,,,,,,,,,,,,,,,,,,,,,,,,,,,,,,
163,1928.0,,,,,,,,,,,,,,,,,,,,,,,,,,,,,,,,,,,,,,,,,
164,1929.0,,,,,,,,,,,,,,,,,,,,,,,,,,,,,,,,,,,,,,,,,
165,1930.0,,,,,,,,,,,,,,,,,,,,,,,,,,,,,,,,,,,,,,,,,
166,1931.0,,,,,,,,,,,,,,,,,,,,,,,,,,,,,,,,,,,,,,,,,
167,1932.0,,,,,,,,,,,,,,,,,,,,,,,,,,,,,,,,,,,,,,,,,
168,1933.0,,,,,,,,,,,,,,,,,,,,,,,,,,,,,,,,,,,,,,,,,
169,1934.0,,,,,,,,,,,,,,,,,,,,,,,,,,,,,,,,,,,,,,,,,
170,1935.0,,,,,,,,,,,,,,,,,,,,,,,,,,,,,,,,,,,,,,,,,
171,1936.0,,,,,,,,,,,,,,,,,,,,,,,,,,,,,,,,,,,,,,,,,
172,1937.0,,,,,,,,,,,,,,,,,,,,,,,,,,,,,,,,,,,,,,,,,
173,1938.0,,,,,,,,,,,,,,,,,,,,,,,,,,,,,,,,,,,,,,,,,
174,1939.0,,,,,,,,,,,,,,,,,,,,,,,,,,,,,,,,,,,,,,,,,
175,1940.0,,,,,,,,,,,,,,,,,,,,,,,,,,,,,,,,,,,,,,,,,
176,1941.0,,,,,,,,,,,,,,,,,,,,,,,,,,,,,,,,,,,,,,,,,
177,1942.0,,,,,,,,,,,,,,,,,,,,,,,,,,,,,,,,,,,,,,,,,
178,1943.0,,,,,,,,,,,,,,,,,,,,,,,,,,,,,,,,,,,,,,,,,
179,1944.0,,,,,,,,,,,,,,,,,,,,,,,,,,,,,,,,,,,,,,,,,
180,1945.0,,,,,,,,,,,,,,,,,,,,,,,,,,,,,,,,,,,,,,,,,
181,1946.0,,,,,,,,,,,,,,,,,,,,,,,,,,,,,,,,,,,,,,,,,
182,1947.0,,,,,,,,,,,,,,,,,,,,,,,,,,,,,,,,,,,,,,,,,
183,1948.0,,,,,,,,,,,,,,,,,,,,,,,,,,,,,,,,,,,,,,,,,
184,1949.0,,,,,,,,,,,,,,,,,,,,,,,,,,,,,,,,,,,,,,,,,
185,1950.0,,,,,,,,,,,,,,,,,,,,,,,,,,,,,,,,,,,,,,,,,
186,1951.0,,,,,,,,,,,,,,,,,,,,,,,,,,,,,,,,,,,,,,,,,
187,1952.0,,,,,,,,,,,,,,,,,,,,,,,,,,,,,,,,,,,,,,,,,
188,1953.0,,,,,,,,,,,,,,,,,,,,,,,,,,,,,,,,,,,,,,,,,
189,1954.0,,,,,,,,,,,,,,,,,,,,,,,,,,,,,,,,,,,,,,,,,
190,1955.0,,,,,,,,,,,,,,,,,,,,,,,,,,,,,,,,,,,,,,,,,
191,1956.0,,,,,,,,,,,,,,,,,,,,,,,,,,,,,,,,,,,,,,,,,
192,1957.0,,,,,,,,,,,,,,,,,,,,,,,,,,,,,,,,,,,,,,,,,
193,1958.0,,,,,,,,,,,,,,,,,,,,,,,,,,,,,,,,,,,,,,,,,
194,1959.0,,,,,,,,,,,,,,,,,,,,,,,,,,,,,,,,,,,,,,,,,
195,1960.0,,,,,,,,,,,,,,,,,,,,,,,,,,,,,,,,,,,,,,,,,
196,1961.0,,,,,,,,,,,,,,,,,,,,,,,,,,,,,,,,,,,,,,,,,
197,1962.0,,,,,,,,,,,,,,,,,,,,,,,,,,,,,,,,,,,,,,,,,
198,1963.0,,,,,,,,,,,,,,,,,,,,,,,,,,,,,,,,,,,,,,,,,
199,1964.0,,,,,,,,,,,,,,,,,,,,,,,,,,,,,,,,,,,,,,,,,
200,1965.0,,,,,,,,,,,,,,,,,,,,,,,,,,,,,,,,,,,,,,,,,
201,1966.0,,,,,,,,,,,,,,,,,,,,,,,,,,,,,,,,,,,,,,,,,
202,1967.0,,,,,,,,,,,,,,,,,,,,,,,,,,,,,,,,,,,,,,,,,
203,1968.0,,,,,,,,,,,,,,,,,,,,,,,,,,,,,,,,,,,,,,,,,
204,1969.0,,,,,,,,,,,,,,,,,,,,,,,,,,,,,,,,,,,,,,,,,
205,1970.0,,,,,,,,,,,,,,,,,,,,,,,,,,,,,,,,,,,,,,,,,
206,1971.0,,,,,,,,,,,,,,,,,,,,,,,,,,,,,,,,,,,,,,,,,
207,1972.0,,,,,,,,,,,,,,,,,,,,,,,,,,,,,,,,,,,,,,,,,
208,1973.0,,,,,,,,,,,,,,,,,,,,,,,,,,,,,,,,,,,,,,,,,
209,1974.0,,,,,,,,,,,,,,,,,,,,,,,,,,,,,,,,,,,,,,,,,
210,1975.0,,,,,,,,,,,,,,,,,,,,,,,,,,,,,,,,,,,,,,,,,
211,1976.0,,,,,,,,,,,,,,,,,,,,,,,,,,,,,,,,,,,,,,,,,
212,1977.0,,,,,,,,,,,,,,,,,,,,,,,,,,,,,,,,,,,,,,,,,
213,1978.0,,,,,,,,,,,,,,,,,,,,,,,,,,,,,,,,,,,,,,,,,
214,1979.0,,,,,,,,,,,,,,,,,,,,,,,,,,,,,,,,,,,,,,,,,
215,1980.0,,,,,,,,,,,,,,,,,,,,,,,,,,,,,,,,,,,,,,,,,
216,1981.0,,,,,,,,,,,,,,,,,,,,,,,,,,,,,,,,,,,,,,,,,
217,1982.0,,,,,,,,,,,,,,,,,,,,,,,,,,,,,,,,,,,,,,,,,
218,1983.0,,,,,,,,,,,,,,,,,,,,,,,,,,,,,,,,,,,,,,,,,
219,1984.0,,,,,,,,,,,,,,,,,,,,,,,,,,,,,,,,,,,,,,,,,
220,1985.0,,,,,,,,,,,,,,,,,,,,,,,,,,,,,,,,,,,,,,,,,
221,1986.0,,,,,,,,,,,,,,,,,,,,,,,,,,,,,,,,,,,,,,,,,
222,1987.0,,,,,,,,,,,,,,,,,,,,,,,,,,,,,,,,,,,,,,,,,
223,1988.0,,,,,,,,,,,,,,,,,,,,,,,,,,,,,,,,,,,,,,,,,
224,1989.0,,,,,,,,,,,,,,,,,,,,,,,,,,,,,,,,,,,,,,,,,
225,1990.0,,,,,,,,,,,,,,,,,,,,,,,,,,,,,,,,,,,,,,,,,
226,1991.0,,,,,,,,,,,,,,,,,,,,,,,,,,,,,,,,,,,,,,,,,
227,1992.0,,,,,,,,,,,,,,,,,,,,,,,,,,,,,,,,,,,,,,,,,
228,1993.0,,,,,,,,,,,,,,,,,,,,,,,,,,,,,,,,,,,,,,,,,
229,1994.0,,,,,,,,,,,,,,,,,,,,,,,,,,,,,,,,,,,,,,,,,
230,1995.0,,,,,,,,,,,,,,,,,,,,,,,,,,,,,,,,,,,,,,,,,
231,1996.0,,,,,,,,,,,,,,,,,,,,,,,,,,,,,,,,,,,,,,,,,
232,1997.0,,,,,,,,,,,,,,,,,,,,,,,,,,,,,,,,,,,,,,,,,
233,1998.0,,,,,,,,,,,,,,,,,,,,,,,,,,,,,,,,,,,,,,,,,
234,1999.0,,,,,,,,,,,,,,,,,,,,,,,,,,,,,,,,,,,,,,,,,
235,2000.0,,,,,,,,,,,,,,,,,,,,,,,,,,,,,,,,,,,,,,,,,
236,2001.0,,,,,,,,,,,,,,,,,,,,,,,,,,,,,,,,,,,,,,,,,
237,2002.0,,,,,,,,,,,,,,,,,,,,,,,,,,,,,,,,,,,,,,,,,
238,2003.0,,,,,,,,,,,,,,,,,,,,,,,,,,,,,,,,,,,,,,,,,
239,2004.0,,,,,,,,,,,,,,,,,,,,,,,,,,,,,,,,,,,,,,,,,
240,2005.0,,,,,,,,,,,,,,,,,,,,,,,,,,,,,,,,,,,,,,,,,
241,2006.0,,,,,,,,,,,,,,,,,,,,,,,,,,,,,,,,,,,,,,,,,
242,2007.0,,,,,,,,,,,,,,,,,,,,,,,,,,,,,,,,,,,,,,,,,
243,2008.0,,,,,,,,,,,,,,,,,,,,,,,,,,,,,,,,,,,,,,,,,
244,2009.0,,,,,,,,,,,,,,,,,,,,,,,,,,,,,,,,,,,,,,,,,
245,2010.0,,,,,,,,,,,,,,,,,,,,,,,,,,,,,,,,,,,,,,,,,
246,2011.0,,,,,,,,,,,,,,,,,,,,,,,,,,,,,,,,,,,,,,,,,
247,2012.0,,,,,,,,,,,,,,,,,,,,,,,,,,,,,,,,,,,,,,,,,
248,2013.0,,,,,,,,,,,,,,,,,,,,,,,,,,,,,,,,,,,,,,,,,
249,2014.0,,,,,,,,,,,,,,,,,,,,,,,,,,,,,,,,,,,,,,,,,
250,2015.0,,,,,,,,,,,,,,,,,,,,,,,,,,,,,,,,,,,,,,,,,
251,2016.0,0.0,6.55161073725985e-05,0.00013103094362110213,0.00019654450879968977,0.00026205680296120804,0.00032756782615805946,0.00039307757844353475,0.0004585860598709246,0.0005240932704935197,0.0005895992103632786,0.0006551038795339359,0.0007206072780587824,0.0007861094059911089,0.0008516102633824296,0.0009171098502878117,0.0009826081667578812,0.0010481052128477053,0.0011136009886092424,0.001179095494095339,0.0012445887293601743,0.0013100806944552623,0.001375571389434782,0.001441060814350692,0.0015065489692567269,0.0015720358542057333,0.001637521469250558,0.0017030058144440474,0.0017684888898390483,0.0018339706954892954,0.001899451231446747,0.001964930497764694,0.0020304084944968714,0.0020958852216952373,0.0021613606794130824,0.0022268348677028094,0.002292307786618597,0.0023577794362119597,0.0024232498165370764,0.0024887189276459054,0.0025541867695921816,0.0026196533424278634
252,2017.0,0.0,0.0001311367549585718,0.00026226842999976796,0.0003933950255432528,0.000524516542010911,0.0006556329798206306,0.0007867443393938522,0.0009178506211524606,0.0010489518255138996,0.0011800479528987218,0.0013111390037283677,0.0014422249784211694,0.0015733058773990116,0.0017043817010793383,0.00183545244988359,0.001966518124231431,0.0020975787245411937,0.002228634251233874,0.0023596847047282488,0.002490730085444426,0.0026217703938007375,0.0027528056302181803,0.002883835795115086,0.0030148608889106754,0.003145880912024168,0.0032768958648743407,0.003407905747880857,0.003538910561463382,0.003669910306038915,0.0038009049820288965,0.0039318945898498825,0.004062879129921981,0.004193858602663525,0.0043248330084932896,0.004455802347829607,0.004586766621091698,0.004717725828697894,0.004848679971065195,0.004979629048614154,0.005110573061761325,0.005241512010927263
253,2018.0,0.0,0.0001968635779179273,0.00039371572604585126,0.0005905564457946433,0.000787385738576063,0.0009842036058009818,0.001181010048879827,0.0013778050692248023,0.0015745886682441146,0.0017713608473490794,0.0019681216079487918,0.002164870951453235,0.002361608879271504,0.0025583353928113617,0.0027550504934832354,0.0029517541826931115,0.0031484464618514174,0.0033451273323641395,0.0035417967956390406,0.0037384548530834394,0.003935101506103766,0.00413173675610734,0.004328360604500148,0.004524973052687731,0.004721574102076076,0.004918163754070282,0.00511474201007589,0.005311308871497555,0.005507864339739932,0.0057044084162072295,0.005900941102302326,0.006097462399430764,0.006293972308994089,0.006490470832397399,0.00668695797104224,0.006883433726331045,0.007079898099666693,0.00727635109244984,0.0074727927060842525,0.0076692229419697,0.007865641801508172
254,2019.0,0.0,0.000262698273166162,0.0005253762203873968,0.0007880338449997026,0.0010506711503355248,0.0013132881397264207,0.0015758848165061679,0.001838461184003659,0.0021010172455500076,0.002363553004473662,0.002626068464103515,0.0028885636277653504,0.003151038498786729,0.003413493080492991,0.0036759273762081435,0.003938341389256195,0.00420073512295982,0.004463108580641251,0.00472546176561961,0.004987794681217128,0.005250107330752485,0.00551239971754347,0.005774671844907875,0.006036923716161269,0.006299155334619666,0.006561366703598637,0.006823557826411086,0.0070857287063703644,0.0073478793467889325,0.007610009750976143,0.007872119922244014,0.008134209863900566,0.008396279579255594,0.008658329071616233,0.008920358344288282,0.009182367400578872,0.00944435624379203,0.009706324877231776,0.009968273304201247,0.010230201528003136,0.0104921095519388
255,2020.0,0.0,0.0003286426024589062,0.0006572534302007327,0.0009858324897176196,0.0013143797875048158,0.0016428953300509086,0.0019713791238449296,0.0022998311753710254,0.002628251491115119,0.002956640077558248,0.00328499694117923,0.0036133220884564388,0.00394161552586203,0.004269877259873045,0.004598107296957199,0.00492630564358576,0.00525447230622289,0.005582607291333641,0.005910710605380398,0.006238782254823327,0.00656682224611993,0.006894830585725931,0.007222807280095278,0.007550752335678368,0.007878665758925152,0.008206547556282917,0.008534397734196286,0.008862216299108105,0.009190003257459,0.009517758615687821,0.009845482380229864,0.010173174557521314,0.010500835153991694,0.010828464176074082,0.01115606163019267,0.011483627522775652,0.011811161860245889,0.01213866464902491,0.012466135895531139,0.012793575606182994,0.013120983787394014
256,2021.0,0.0,0.00039469839498318393,0.000789351006662109,0.0011839578462340405,0.0015785189248926912,0.0019730342538273327,0.0023675038442214635,0.0027619277072550297,0.0031563058541048683,0.0035506382959407112,0.00394492504393007,0.004339166109235126,0.004733361503013178,0.00512751123641797,0.005521615320598361,0.005915673766697882,0.006309686585858731,0.00670365378921467,0.007097575387897681,0.007491451393034421,0.007885281815747103,0.008279066667154833,0.008672805958369167,0.009066499700499886,0.009460147904653216,0.00985375058192739,0.01024730774341931,0.010640819400221435,0.01103428556342001,0.01142770624409728,0.011821081453331495,0.01221441120219735,0.012607695501765548,0.013000934363099237,0.013394127797260236,0.013787275815304145,0.014180378428284346,0.014573435647247113,0.014966447483236944,0.015359413947292122,0.01575233505044782
257,2022.0,0.0,0.00046086755843388616,0.000921672757227654,0.0013824156141284405,0.001843096146879386,0.0023037143732116405,0.002764270310851469,0.0032247639775140335,0.003685195390907836,0.004145564568733384,0.004605871528683192,0.005066116288439559,0.005526298865679902,0.005986419278070532,0.006446477543271545,0.006906473678933711,0.007366407702701583,0.007826279632208166,0.008286089485081138,0.008745837278941071,0.009205523031396545,0.009665146760051258,0.010124708482499578,0.010584208216327884,0.011043645979115446,0.011503021788431322,0.011962335661838797,0.012421587616890939,0.012880777671135046,0.01333990584210909,0.013798972147343047,0.014257976604358458,0.014716919230669756,0.015175800043783827,0.015634619061196897,0.01609337630039942,0.016552071778873856,0.017010705514094226,0.017469277523525673,0.017927787824626673,0.01838623643484638
258,2023.0,0.0,0.0005271520818537212,0.0010542226513434727,0.0015812117349223165,0.002108119359031324,0.002634945550097356,0.0031616903345317304,0.00368835373873333,0.004214935789087271,0.004741436511966235,0.005267855933725141,0.00579419408070958,0.006320450979248715,0.006846626655656607,0.00737272113623888,0.007898734447282063,0.008424666615061138,0.008950517665837321,0.009476287625858948,0.01000197652135748,0.010527584378555499,0.011053111223657819,0.01157855708285771,0.0121039219823329,0.012629205948249567,0.01315440900676057,0.013679531184002336,0.014204572506100632,0.014729532999164352,0.01525441268929395,0.015779211602569898,0.01630392976506423,0.01682856720283299,0.017353123941919346,0.017877600008351813,0.018401995428147355,0.01892631022730873,0.01945054443182359,0.019974698067667607,0.020498771160804008,0.021022763737180483
259,2024.0,0.0,0.0005935540390118454,0.0011870048272233369,0.001780352402251495,0.0023735968016938003,0.0029667380631237528,0.0035597762240962005,0.004152711322138458,0.004745543394761409,0.005338272479451067,0.005930898613671687,0.006523421834865761,0.007115842180455356,0.007708159687838556,0.008300374394392573,0.008892486337472416,0.009484495554413552,0.01007640208252436,0.010668205959097232,0.011259907221400134,0.011851505906679716,0.012443002052158647,0.013034395695042278,0.013625686872511977,0.014216875621725578,0.014807961979821815,0.015398945983918111,0.01598982767110879,0.01658060707846598,0.017171284243042706,0.017761859201868457,0.018352331991951853,0.018942702650279752,0.01953297121381814,0.020123137719510353,0.02071320220428019,0.021303164705028355,0.021893025258633347,0.022482783901954573,0.023072440671828787,0.02366199560507143
260,2025.0,0.0,0.0006600755921000179,0.0013200235992312237,0.0019798440729421607,0.002639537064750286,0.0032991026261361966,0.003958540808549849,0.004617851663407002,0.005277035242092332,0.005936091595953652,0.006595020776307248,0.007253822834436985,0.007912497821592535,0.00857104578899115,0.009229466787816776,0.00988776086922094,0.010545928084320977,0.011203968484201798,0.011861882119916345,0.012519669042482917,0.013177329302887397,0.013834862952084581,0.014492270040994626,0.015149550620504382,0.0158067047414705,0.01646373245471411,0.017120633811025687,0.017777408861161526,0.01843405765584727,0.019090580245773925,0.01974697668160097,0.020403247013955017,0.02105939129342982,0.021715409570588484,0.02237130189595904,0.023027068320039756,0.023682708893292936,0.02433822366615379,0.02499361268901934,0.025648876012258626,0.02630401368620605
261,2026.0,0.0,0.000726718995660125,0.0014532834657305926,0.002179693478764122,0.002905949103267691,0.0036320504076989835,0.004357997460466834,0.005083790329932558,0.005809429084407736,0.0065349137921586475,0.007260244521397841,0.00798542134029434,0.008710444316968768,0.009435313519491562,0.010160029015886085,0.01088459087412641,0.011608999162141309,0.012333253947809819,0.013057355298963458,0.013781303283385338,0.014505097968811498,0.015228739422930015,0.01595222771338234,0.016675562907759733,0.017398745073608612,0.018121774278426983,0.018844650589664003,0.019567374074723087,0.02028994480095969,0.021012362835680864,0.021734628246149246,0.02245674109957685,0.023178701463130835,0.023900509403930847,0.02462216498904768,0.02534366828550816,0.026065019360288044,0.026786218280320462,0.027507265112488355,0.02822815992363026,0.028948902780535857
262,2027.0,0.0,0.0007934866007208718,0.001586789117335119,0.0023799076387862605,0.0031728422539512025,0.003965593051637573,0.004758160120585497,0.005550543549466713,0.006342743426884567,0.007134759841374461,0.007926592881403405,0.008718242635372242,0.009509709191611204,0.010300992638386575,0.011092093063892694,0.01188301055625951,0.012673745203548581,0.013464297093753519,0.014254666314800435,0.015044852954549714,0.01583485710079291,0.01662467884125496,0.017414318263594186,0.018203775455400528,0.01899305050419997,0.01978214349744789,0.020571054522535714,0.02135978366678648,0.02214833101745839,0.022936696661740807,0.02372488068675871,0.02451288317957001,0.02530070422716557,0.02608834391647097,0.026875802334344723,0.02766307956758096,0.028450175702904534,0.029237090826978118,0.030023825026396,0.03081037838768763,0.03159675099731629
263,2028.0,0.0,0.0008603808591769457,0.0017205454456559188,0.002580493872466949,0.0034402262525481397,0.004299742698745668,0.005159043323807566,0.006018128240392162,0.006876997561062748,0.0077356513982915764,0.00859408986445409,0.00945231307183736,0.010310321132631639,0.011168114158936593,0.012025692262759513,0.012883055556012213,0.013740204150518132,0.014597138158005674,0.01545385769011176,0.016310362858382277,0.017166653774268514,0.018022730549132948,0.018878593294244794,0.019734242120780454,0.02058967713982751,0.021444898462379403,0.022299906199340302,0.023154700461522015,0.024009281359645307,0.024863649004341237,0.02571780350614805,0.026571744975513845,0.027425473522796562,0.028278989258263554,0.02913229229209069,0.029985382734364574,0.03083826069508122,0.03169092628414649,0.0325433796113761,0.03339562078649516,0.03424764991914131
264,2029.0,0.0,0.000927404328512349,0.001854557552718905,0.002781459813749887,0.0037081112526080595,0.004634512010173619,0.005560662227200641,0.006486562044316635,0.007412211602025209,0.008337611040707404,0.009262760500615475,0.010187660121881326,0.011112310044508966,0.012036710408381612,0.012960861353257691,0.013884763018768176,0.014808415544427245,0.015731819069619846,0.016654973733610134,0.01757787967553881,0.01850053703442267,0.01942294594915639,0.020345106558513404,0.021267019001141474,0.022188683415569788,0.023110099940200524,0.02403126871331862,0.024952189873083785,0.02587286355753582,0.0267932899045924,0.027713469052049522,0.028633401137581505,0.02955308629874276,0.03047252467296513,0.03139171639756144,0.032310661609721514,0.03322936044651659,0.03414781304489756,0.03506601954169364,0.035983980073615474,0.03690169477725158
265,2030.0,0.0,0.0009945596771139265,0.001988830761571858,0.0029828134269305195,0.003976507846582322,0.004969914193754477,0.005963032641511656,0.00695586336275289,0.00794840653021378,0.00894066231646562,0.009932630893918493,0.010924312434817285,0.011915707111244789,0.012906815095119928,0.01389763655820131,0.014888171672083672,0.015878420608199217,0.016868383537819387,0.017858060632053974,0.018847452061851122,0.01983655799799733,0.020825378611118328,0.021813914071679985,0.02280216454998607,0.02379013021618137,0.02477781124024858,0.025765207792014078,0.02675232004114081,0.02773914815713452,0.028725692309340634,0.02971195266694515,0.030697929398976864,0.03168362267430558,0.03266903266164034,0.03365415952953521,0.03463900344638393,0.03562356458042304,0.03660784309973364,0.037591839172235186,0.03857555296569393,0.039558984647717566
266,2031.0,0.0,0.0010618496907688346,0.0021233706292416166,0.0031845630260520785,0.004245427091622123,0.005305963036161376,0.006366171069668081,0.00742605140192909,0.008485604242518985,0.009544829800801846,0.010603728285933034,0.011662299906853857,0.01272054487229779,0.013778463390789586,0.014836055670643056,0.015893321919962844,0.01695026234664665,0.01800687715838034,0.019063166562645062,0.020119130766711013,0.021174769977642338,0.022230084402297567,0.023285074247324733,0.02433973971916581,0.02539408102405849,0.02644809836803308,0.02750179195691338,0.028555161996318468,0.029608208691661364,0.03066093224815125,0.0317133328707917,0.03276541076438244,0.03381716613351804,0.03486859918259011,0.03591971011578643,0.036970499137092716,0.03802096645028863,0.03907111225895532,0.04012093676646744,0.04117044017599936,0.04221962269052604
267,2032.0,0.0,0.0011292772588600286,0.0022581829191450353,0.0033867172335413365,0.004514880454464798,0.005642672834061724,0.006770094624212852,0.007897146076525363,0.009023827442340426,0.010150138972733203,0.011276080918507514,0.01240165353020517,0.013526857058095754,0.014651691752188167,0.015776157862221307,0.01690025563767117,0.018023985327747738,0.019147347181397212,0.020270341447300222,0.021392968373874943,0.022515228209277094,0.02363712120139505,0.024758647597859618,0.025879807646036923,0.027000601593032858,0.02812102968568775,0.02924109217058657,0.030360789294050505,0.03148012130214051,0.03259908844065773,0.03371769095514532,0.03483592909088573,0.035953803092903414,0.03707131320596435,0.03818845967457696,0.03930524274299074,0.040421662655199864,0.041537719654941796,0.042653413985694666,0.0437687458906848,0.04488371561287963
268,2033.0,0.0,0.001196845380697642,0.002393273613725544,0.0035892849991241427,0.004784879836597256,0.005980058425510748,0.007174821064892978,0.008369168053436571,0.00956309968949709,0.010756616271096142,0.011949718095920048,0.01314240546131984,0.014334678664313039,0.015526538001584544,0.016717983769485745,0.017909016264037625,0.01909963578092544,0.02028984261550759,0.021479637062809864,0.022669019417527636,0.023857989974027216,0.0250465490263454,0.0262346968681908,0.027422433792943846,0.028609760093657233,0.029796676063056804,0.030983181993541997,0.032169278177185845,0.033354964905736306,0.03454024247061538,0.03572511116292221,0.03690957127343042,0.03809362309259212,0.03927726691053435,0.04046050301706261,0.041643331701660014,0.04282575325348903,0.0440077679613915,0.04518937611388685,0.04637057799917654,0.0475513739051423
269,2034.0,0.0,0.0012645571709746228,0.002528648925332444,0.0037922756161061777,0.00505543759591065,0.006318135216941911,0.007580368830979456,0.008842138789385334,0.010103445443107262,0.011364289142676398,0.012624670238210012,0.01388458907941148,0.015144046015572954,0.01640304139557136,0.0176615755678724,0.018919648880532325,0.02017726168119749,0.021434414317102135,0.022691107135071942,0.02394734048152669,0.02520311470247716,0.02645843014352689,0.027713287149872645,0.028967686066307063,0.030221627237216442,0.0314751110065834,0.03272813771798733,0.03398070771460526,0.03523282133921102,0.03648447893417606,0.03773568084147216,0.038986427402670554,0.04023671895894321,0.04148655585106198,0.04273593841940215,0.04398486700393933,0.045233341944253436,0.0464813635795287,0.04772893224855146,0.04897604828971547,0.05022271204101747
270,2035.0,0.0,0.0013324158648830853,0.0026643153064305203,0.003995698736639408,0.0053265665669970375,0.006656919208476886,0.007986757071541728,0.009316080566145413,0.01064489010173153,0.011973186087236076,0.013300968931086565,0.014628239041205582,0.01595499682500945,0.017281242689408227,0.01860697704081149,0.019932200285122104,0.021256912827743335,0.02258111507357663,0.023904807427022057,0.025227990291982305,0.026550664071858687,0.027872829169556024,0.029194485987483976,0.030515634927553048,0.03183627639117992,0.03315641077928744,0.03447603849230463,0.03579515993016802,0.03711377549232164,0.03843188557771837,0.039749490584822134,0.041066590911607026,0.04238318695555865,0.04369927911367544,0.04501486778246866,0.04632995335796375,0.04764453623570075,0.04895861681073699,0.050272195477643056,0.051585272630511714,0.052897848662949
271,2036.0,0.0,0.0014004248231396232,0.0028002794596102554,0.004199564386693222,0.005598280081048568,0.006996427018715945,0.008394005675112393,0.00979101652504033,0.011187460042682673,0.01258333670160594,0.01397864697476292,0.01537339133449045,0.01676757025251252,0.018161184199943392,0.019554233647284036,0.020946719064427022,0.022338640920657404,0.023729999684650505,0.025120795824476794,0.026511029807601894,0.027900702100885244,0.029289813170585877,0.030678363482358417,0.032066353501259304,0.033453783691742345,0.03484065451766449,0.03622696644228496,0.03761271992826387,0.03899791543767117,0.04038255343197683,0.04176663437206063,0.043150158718209486,0.04453312693011835,0.04591553946689286,0.047297396787050694,0.04867869934851754,0.05005944760863601,0.05143964202416074,0.052819283051263266,0.05419837114552939,0.05557690676196314
272,2037.0,0.0,0.0014685875370235024,0.0029365483476380128,0.004403882981074414,0.005870591985816187,0.007336675909600743,0.008802135299417646,0.010266970701516165,0.011731182661402162,0.013194771723839427,0.014657738432854561,0.016120083331734314,0.017581806963029134,0.019042909868556723,0.020503392589396707,0.021963255665899073,0.023422499637682836,0.024881125043636043,0.026339132421918432,0.027796522309963656,0.02925329524448017,0.030709451761450346,0.03216499239613668,0.03361991768307648,0.035074228156090737,0.036527924348277896,0.037981006792022765,0.03943347601899028,0.040885332560133936,0.04233657694569182,0.04378720970519012,0.04523723136744584,0.046686642460564975,0.0481354435119461,0.04958363504828034,0.05103121759555407,0.052478191679049324,0.0539245578233456,0.05537031655232161,0.05681546838915308,0.058260013856319404
273,2038.0,0.0,0.0015369076335201015,0.003073129203702063,0.004608665338746487,0.006143516665961801,0.007677683811767366,0.009211167401692588,0.01074396806038136,0.012276086411591614,0.013807523078197104,0.015338278682190953,0.016868353844687434,0.0183977491859193,0.019926465325246667,0.021454502881152582,0.022981862471247005,0.024508544712269487,0.02603455022009049,0.02755987960971007,0.029084533495265408,0.03060851249002683,0.032131817206403124,0.03365444825594022,0.03517640624932694,0.03669769179639282,0.03821830550611205,0.039738247986603525,0.041257519845133483,0.04277612168811906,0.04429405412112564,0.04581131774887126,0.04732791317522844,0.048843841003225474,0.05035910183504688,0.051873696272036085,0.053387624914698506,0.05490088836269846,0.056413487214867164,0.05792542206920048,0.05943669352285852,0.060947302172174034
274,2039.0,0.0,0.001605388880705494,0.003210029542136006,0.0048139226988452855,0.006417069064330594,0.008019469351035369,0.009621124270350556,0.011222034532616387,0.012822200847125487,0.014421623922125981,0.01602030446481928,0.017618243181369397,0.019215440776895854,0.020811897955486547,0.022407615420189764,0.024002593873023503,0.025596834014971925,0.027190336545993787,0.028783102165018004,0.03037513156995164,0.03196642545767636,0.03355698452405642,0.03514680946393467,0.03673590097113877,0.03832425973848297,0.03991188645776811,0.04149878181978561,0.04308494651431749,0.04467038123014211,0.04625508665503064,0.04783906347575462,0.0494223123780837,0.0510048340467919,0.05258662916565493,0.05416769841745639,0.055748042483986016,0.057327662046045,0.058906557783446,0.06048473037501623,0.06206218049859835,0.06363890883105183
275,2040.0,0.0,0.00167403519364262,0.0033472571701733678,0.005019666738251161,0.006691264705291022,0.008362051877467636,0.010032029059718006,0.01170119705574324,0.013369556668012983,0.015037108697766755,0.016703853945017055,0.018369793208551588,0.020034927285935478,0.021699256973515713,0.023362783066419812,0.02502550635856471,0.026687427642651418,0.028348547710175698,0.030008867351424495,0.0316683873554795,0.03332710851022558,0.03498503160234234,0.036642157417318355,0.03829848673944358,0.03995402035182005,0.04160875903636052,0.043262703573788475,0.04491585474364701,0.04656821332429528,0.04821978009291428,0.049870555825508145,0.05152054129690731,0.05316973728077157,0.054818144549588776,0.05646576387468283,0.058112596026212326,0.05975864177317325,0.061403901883402945,0.06304837712358236,0.06469206825923601,0.06633497605473915
276,2041.0,0.0,0.001742850641485827,0.0034848202021007246,0.005225909592733391,0.006966119722820796,0.008705451500347738,0.01044390583185395,0.012181483622432765,0.013918185775739111,0.015654013193989957,0.017388966777966974,0.019123047427021866,0.02085625603907859,0.022588593510632915,0.02432006073676307,0.026050658611127098,0.027780388025966385,0.02950924987211101,0.031237245038981065,0.0329643744145911,0.03469063888555146,0.03641603933707316,0.038140576652969216,0.03986425171565999,0.04158706540617363,0.043309018604150484,0.045030112187845805,0.04675034703413328,0.04846972401850769,0.05018824401508759,0.05190590789661753,0.05362271653447426,0.055338670798665834,0.057053771557836974,0.05876801967926992,0.06048141602889068,0.062193961471268544,0.06390565686962146,0.06561650308581735,0.06732650098037718,0.06903565141247903
277,2042.0,0.0,0.0018118394305406404,0.003622727025396788,0.005432663806201443,0.0072416507928960705,0.009049689003735484,0.01085677945529584,0.01266292316247064,0.01446812113848095,0.016272374394878053,0.01807568394154435,0.019878050786700463,0.021679475936906556,0.02347996039706901,0.02527950517043953,0.027078111258624915,0.02887577966158439,0.030672511377639378,0.03246830740347262,0.03426316873413349,0.03605709636304333,0.0378500912819959,0.03964215448116448,0.04143328694910231,0.04322348967274792,0.04501276363742912,0.04680110982686614,0.04858852922317558,0.05037502280687001,0.052160591556870806,0.05394523645050242,0.05572895846350123,0.057511758570014226,0.05929363774261187,0.061074596952280125,0.06285463716843198,0.06463375935890658,0.06641196448997677,0.06818925352634952,0.06996562743117041,0.07174108716602712
278,2043.0,0.0,0.0018810059104743537,0.0037609863131158328,0.005639942349201732,0.007517875158055798,0.009394785877052225,0.011270675641618766,0.013145545585242946,0.015019396839477395,0.01689223053394029,0.018764047796324235,0.02063484975239893,0.022504637526016058,0.024373412239112824,0.026241175011718187,0.028107926961956853,0.029973669206051046,0.031838402858330284,0.0337021290312296,0.0355648488353002,0.037426563379207245,0.039287273769740505,0.04114698111181525,0.04300568650847625,0.04486339106090487,0.04672009586842041,0.04857580202848677,0.05043051063671422,0.052284222786866064,0.05413693957086396,0.05598866207878661,0.057839391398880835,0.059689128617560705,0.06153787481941464,0.06338563108720896,0.06523239850189233,0.06707817814259753,0.06892297108664946,0.07076677840956691,0.07260960118506699,0.07445144048507002
279,2044.0,0.0,0.0019503545792205479,0.003899607033636343,0.005847758633477973,0.007794810646724937,0.009740764339113639,0.011685620974140942,0.013629381813069497,0.015572048114933512,0.017513621136546753,0.01945410213250298,0.021393492355186172,0.023331793054772287,0.025269005479235496,0.027205130874356165,0.029140170483722194,0.031074125548735676,0.03300699730862178,0.03493878700042652,0.0368694958590301,0.03879912511714512,0.04072767600532812,0.04265514975197959,0.04458154758335109,0.04650687072355231,0.048431120394552885,0.0503542978161895,0.052276404206171634,0.05419744078008337,0.056117408751392706,0.05803630933145376,0.059954143729513465,0.0618709131527142,0.06378661880610181,0.06570126189263004,0.06761484361316272,0.0695273651664805,0.07143882774928834,0.07334923255621728,0.0752585807798285,0.07716687361062258
280,2045.0,0.0,0.002019890087155307,0.004038598458978804,0.006056126524366601,0.00807247568963998,0.010087647358545393,0.012101642932267342,0.014114463809427491,0.01612611138609754,0.018136587055803677,0.020145892209528338,0.022154028235726653,0.02416099652032111,0.026166798446715767,0.02817143539580025,0.030174908745955964,0.032177219873061436,0.03417837015050029,0.0361783609491666,0.038177193637470186,0.040174869581345085,0.0421713901442522,0.04416675668719039,0.04616097056869606,0.048154033144856445,0.0501459457693092,0.052136709793252134,0.05412632656545169,0.056114797432239794,0.05810212373753165,0.06008830682281996,0.062073348027192665,0.0640572486873281,0.06604001013751004,0.06802163370962555,0.07000212073317646,0.07198147253528342,0.07395969044069028,0.07593677577177438,0.07791272984854647,0.0798875539886601
281,2046.0,0.0,0.0020896172408049196,0.0041779701721513796,0.006265060351743568,0.00835088933434136,0.010435458671771425,0.012518769912932548,0.014600824603804963,0.01668162428745612,0.018761170504050018,0.020839464790851636,0.022916508682239378,0.02499230370970773,0.02706685140187748,0.029140153284499704,0.03121221088046955,0.03328302570982755,0.03535259928976675,0.03742093313464556,0.03948802875599133,0.04155388766250789,0.04361851136007999,0.045681901351786625,0.047744059137903694,0.049804986215912894,0.051864684080507484,0.05392315422360028,0.0559803981343312,0.058036417299073495,0.060091213201441285,0.06214478732229578,0.06419714113975372,0.0662482761291927,0.0682981937632583,0.07034689551187379,0.07239438284224198,0.07444065721885673,0.0764857201035074,0.07852957295528595,0.08057221723059449,0.08261365438315105
282,2047.0,0.0,0.0021595410061774345,0.004317732073778391,0.00647457491987824,0.008630071258210581,0.010784222799170795,0.012937031249832032,0.015088498313944765,0.017238625691953224,0.019387415080999837,0.02153486817493766,0.023680986664334824,0.025825772236486966,0.027969226575423,0.030111351361915784,0.032252148273490544,0.03439161898443155,0.036529765165793204,0.03866658848540627,0.04080209060788942,0.042936273194654095,0.0450691379039152,0.04720068639069819,0.049330920306848824,0.051459841301042086,0.05358745101878659,0.05571375110243748,0.05783874319120175,0.05996242892114845,0.06208480992521581,0.06420588783321834,0.06632566427185793,0.06844414086472916,0.07056131923232867,0.07267720099206398,0.07479178775825801,0.07690508114216232,0.07901708275196251,0.08112779419278393,0.0832372170667024,0.0853453529727548
283,2048.0,0.0,0.0022296665118757275,0.004457894388246064,0.006684685516574973,0.00891004178053656,0.011133965060029283,0.013356457231184837,0.015577520166375702,0.01779715573423024,0.02001536579963803,0.022232152223764956,0.02444751686405988,0.026661461574266188,0.028873988204429768,0.031085098600912797,0.03329479460640128,0.03550307805991482,0.0377099507968186,0.03991541464882964,0.042119471444032275,0.044322123006880876,0.04652337115821714,0.048723217715273215,0.050921664491687224,0.053118713297507725,0.05531436593920702,0.05750862421969005,0.05970148993830282,0.061892964890843505,0.06408305086957,0.06627174966321236,0.06845906305697946,0.07064499283256831,0.07282954076817871,0.0750127086385155,0.07719449821480007,0.07937491126478413,0.08155394955275286,0.08373161483953906,0.08590790888252586,0.08808283343566581
284,2049.0,0.0,0.0022999990522407643,0.004598467669947759,0.00689540792243859,0.009190821874752952,0.011484711587669505,0.01377707911771564,0.0160679265171777,0.01835725583411607,0.02064506911237407,0.0229313683915926,0.025216155707219468,0.027499433090522718,0.029781202568602172,0.03206146616439831,0.03434022589671093,0.0366174837802018,0.03889324182541154,0.041167502038772064,0.04344026642261278,0.04571153697517838,0.047981315690634574,0.05024960455908323,0.05251640556657211,0.054781720695106007,0.0570455519226587,0.059307901223183634,0.06156877056662502,0.06382816191892937,0.06608607724205484,0.06834251849398498,0.07059748762873896,0.07285098659638001,0.07510301734302871,0.0773535818108746,0.07960268193818498,0.08185031965931477,0.0840964969047211,0.08634121560097219,0.08858447767075406,0.09082628503288914
285,2050.0,0.0,0.002370544091288007,0.004739462811067963,0.007106758422446902,0.009472433183718376,0.011836489348383328,0.014198929165158969,0.016559754877992106,0.018918968726078234,0.02127657294386731,0.023632569761085076,0.025986961402741482,0.02833975008914935,0.030690938035928372,0.033040527454030855,0.03538852054974573,0.03773491952471808,0.04007972657595582,0.04242294389585011,0.04476457367218378,0.04710461808814825,0.04944307932235015,0.05177995954883263,0.05411526093708341,0.05644898565204626,0.0587811358541388,0.061111713699264936,0.06344072133882106,0.06576816091971738,0.06809403458438412,0.0704183444707902,0.07274109271244944,0.0750622814384374,0.0773819127734039,0.07969998883758445,0.08201651174681102,0.08433148361252707,0.08664490654180046,0.08895678263733231,0.09126711399747345,0.09357590271623328
286,2051.0,0.0,0.002441307269198223,0.004880891054481307,0.007318753825162894,0.00975489804515961,0.012189326173009274,0.014622040661885993,0.017053043959616154,0.01948233850869263,0.021909926746295216,0.024335811104299054,0.02675999400929685,0.029182477882611746,0.03160326514031242,0.034022358193231295,0.03643975944697564,0.038855471301946665,0.04126949615335329,0.0436818363912268,0.046092494400439055,0.04850147256071269,0.050908773246640227,0.05331439882769873,0.05571835166826178,0.05812063412761903,0.06052124855998642,0.06292019731452436,0.06531748273535154,0.06771310716155732,0.07010707292721996,0.07249938236142084,0.07489003778825465,0.07727904152684939,0.0796663958913788,0.08205210319107481,0.08443616573024304,0.08681858580827972,0.08919936571968146,0.0915785077540634,0.09395601419616906,0.09633188732588982
287,2052.0,0.0,0.0025122943434645606,0.005022763876228353,0.007531411286723966,0.01003823925735059,0.01254325046448912,0.015046447578522582,0.017547833263852564,0.02004741017892009,0.022545180976219825,0.025041148302321403,0.027535314797886734,0.030027683097686886,0.0325182558306194,0.03500703561972873,0.037494025082223104,0.039979226829488734,0.042462643467111594,0.0449442775948925,0.047424131806868886,0.04990220869132456,0.05237851083081191,0.054853040802169684,0.057325801176538516,0.05979679451937736,0.06226602339048348,0.06473349034400533,0.06719919792846207,0.06966314868676049,0.07212534515621183,0.07458578986854647,0.07704448534993169,0.07950143412098987,0.08195663869681402,0.08441010158698115,0.08686182529557529,0.08931181232119689,0.09176006515698232,0.09420658629062206,0.0966513782043723,0.09909444337507489
288,2053.0,0.0,0.0025835111904939367,0.005165092988652198,0.0077447483154524654,0.010322480085140473,0.012898291205248658,0.015472184576620585,0.018044163093427823,0.02061422964319304,0.023182387106810864,0.025748638358568332,0.028312986266163076,0.030875433690729093,0.033435983486851395,0.03599463850258866,0.03855140157949499,0.04110627555263768,0.04365926325062075,0.04621036749559737,0.048759591103300526,0.051306936883053655,0.0538524076377942,0.05639600616409535,0.05893773525218071,0.06147759768594829,0.06401559624298647,0.06655173369459755,0.06908601280581195,0.07161843633541132,0.07414900703594585,0.07667772765375513,0.07920460092898418,0.0817296295956047,0.08425281638143423,0.08677416400815341,0.08929367519132514,0.09181135264041229,0.09432719905879905,0.09684121714380822,0.09935340958671679,0.1018637790727781
289,2054.0,0.0,0.0026549638027244526,0.0053078903345920025,0.007958782763072048,0.010607644248144865,0.013254477942320708,0.015899286990665562,0.01854207453082468,0.021182843693048348,0.023821597600212296,0.02645833936784303,0.029093072104140916,0.03172579891000282,0.034356522879048335,0.036985247097637064,0.039611974644899295,0.042236708592751526,0.04485945200592356,0.04748020794198293,0.050098979451352665,0.05271576957733659,0.05533058135614155,0.05794341781690049,0.06055428198169466,0.0631631768655736,0.06577010547658002,0.06837507081577199,0.07097807587724203,0.07357912364814156,0.07617821710870132,0.07877535923225398,0.08137055298525553,0.08396380132730696,0.08655510721117521,0.08914447358281441,0.0917319033813877,0.0943173995392872,0.09690096498216016,0.09948260262891973,0.10206231539177812,0.10464010617625696
290,2055.0,0.0,0.002726658282689698,0.00545116807545698,0.008173532806756256,0.010893755896721924,0.013611840757200344,0.016327790791775598,0.0190416093957948,0.021753299956397854,0.02446286585254187,0.027170310455030044,0.029875637126536514,0.03257884922163301,0.035279950086817724,0.03797894306053751,0.04067583147321896,0.04337061864728886,0.04606330789720525,0.048753902529480975,0.05144240584270987,0.054128821127590765,0.05681315166695633,0.059495400735797066,0.06217557160128395,0.06485366752279775,0.067529691751953,0.0702036475326211,0.07287553810095782,0.075545366685426,0.07821313650682216,0.08087885077830048,0.08354251270539637,0.08620412548605083,0.08886369231063851,0.09152121636198496,0.0941767008153982,0.0968301488386869,0.0994815635921884,0.1021309482287922,0.10477830589395865,0.10742363972574909
291,2056.0,0.0,0.0027986008344762503,0.005594938574111641,0.008389016923387782,0.011180839577576318,0.013970410222763796,0.016757732535890302,0.01954281018477433,0.022325646828144752,0.02510624611567369,0.02788461168800449,0.030660747176781467,0.033434656204681446,0.03620634238544396,0.03897580932389966,0.04174306061600008,0.04450809984884918,0.04727093060073129,0.05003155644113777,0.05278998093080389,0.05554620762172924,0.05830024005721102,0.06105208177187427,0.06380173629169539,0.06654920713403634,0.06929449780767039,0.0720376118128101,0.0747785526411362,0.07751732377582687,0.08025392869158177,0.08298837085465571,0.08572065372288362,0.0884507807457049,0.09117875536419673,0.09390458101109767,0.09662826111083556,0.09934979907955777,0.10206919832515116,0.10478646224727806,0.10750159423739625,0.11021459767878872
292,2057.0,0.0,0.0028707977526347683,0.005739214372654011,0.008605253856189599,0.0114689201891931,0.014330217347468643,0.017189149296710227,0.020045719992532796,0.022899933380509108,0.025751793396205702,0.02860130396521443,0.03144846900318754,0.034293292415870535,0.03713577809914037,0.039975929939032095,0.042813751811780154,0.045649247583846364,0.048482421111953666,0.05131327624312165,0.05414181681469943,0.056968046654396254,0.05979196958031352,0.0626135894009825,0.06543290991539052,0.06824993491301923,0.07106466817387025,0.07387711346850345,0.07668727455806401,0.0794951551943166,0.08230075911967738,0.08510409006724329,0.0879051517608258,0.09070394791497938,0.09350048223503693,0.09629475841713431,0.09908678014824668,0.1018765511062183,0.10466407495978913,0.10744935536863176,0.11023239598337309,0.11301320044563523
293,2058.0,0.0,0.002943255408415002,0.005884008164855459,0.008822262573319861,0.011758022926576128,0.014691293506202463,0.017622078582623324,0.020550382415152946,0.02347620925203131,0.02639956333046234,0.029320448876658745,0.03223887010587134,0.03515483122243346,0.03806833641979912,0.040979389880577255,0.043887995776575206,0.046794158268830266,0.049697881507649644,0.05259916963265132,0.05549802677279603,0.05839445704642676,0.06128846456130521,0.06418005341464905,0.06706922769316614,0.06995599147309495,0.07284034882023738,0.07572230378999611,0.07860186042741057,0.08147902276719199,0.08435379483375804,0.08722618064127285,0.09009618419367671,0.09296380948472427,0.09582906049801831,0.09869194120704572,0.1015524555752112,0.10441060755587017,0.10726640109236873,0.11011984011807296,0.11297092855640001,0.1158196703208616
294,2059.0,0.0,0.0030159802331772845,0.00602933276296147,0.009040062218043321,0.012048173214749713,0.015053670357091598,0.018056558236802633,0.02105684143338804,0.024054524514163678,0.02704961203430578,0.030042108536888268,0.0330320185529307,0.036019346601440905,0.03900409718945452,0.041986274812081614,0.04496588395254708,0.04794292908223596,0.05091741466072941,0.05388934513585397,0.05685872494371935,0.05982555850876059,0.06278985024377892,0.06575160454998574,0.06871082581703991,0.07166751842308994,0.07462168673481795,0.07757333510747566,0.08052246788492701,0.08346908939968722,0.0864132039729637,0.08935481591469552,0.09229392952359339,0.09523054908717787,0.09816467888182112,0.10109632317278328,0.10402548621425067,0.1069521722493807,0.10987638551033152,0.11279813021830876,0.11571741058359697,0.1186342308056032
295,2060.0,0.0,0.0030889786990444534,0.006175201058958635,0.009258672050588057,0.012339396631190436,0.015417379744488091,0.0184926263207168,0.021565141276676858,0.024634929515779724,0.027701995928100853,0.030766345390423222,0.03382798276629284,0.036886912906061387,0.039943140646937714,0.04299667081303449,0.04604750821541659,0.04909565765214907,0.05214112390834247,0.05518391175620119,0.05822402595507459,0.06126147125149428,0.06429625237922876,0.0673283740593269,0.07035784100016418,0.07338465789748705,0.07640882943446092,0.07943036028171635,0.08244925509738854,0.08546551852717021,0.08847915520434979,0.0914901697498598,0.09449856677232127,0.09750435086808551,0.10050752662127982,0.10350809860385102,0.10650607137560852,0.10950144948427054,0.11249423746550047,0.1154844398429602,0.11847206112834119,0.12145710582141822
296,2061.0,0.0,0.0031622572973755148,0.006321625981511758,0.009478111383515397,0.012631718819595239,0.01578245359111019,0.01893032098462566,0.022075326271975282,0.025217474710307997,0.02835677154214933,0.03149322199545468,0.034626831283661286,0.0377576046057464,0.04088554714627879,0.04401066407547205,0.04713296054924099,0.05025244170925269,0.05336911268297895,0.05648297858375129,0.059594044510812516,0.06270231554936823,0.0658077967706392,0.06891049323191512,0.07201040997660124,0.07510755203427744,0.07820192442073948,0.08129353213806034,0.08438238017463195,0.08746847350522113,0.09055181709101623,0.09363241587967996,0.09671027480539829,0.09978539878892567,0.10285779273764328,0.10592746154560029,0.10899441009356048,0.11205864324906178,0.11512016586645446,0.11817898278695438,0.12123509883868744,0.12428851883674019
297,2062.0,0.0,0.0032358224748616493,0.006468620368304201,0.009698399390488444,0.012925165235255331,0.01614892358018638,0.019369680086667618,0.022587440399949088,0.02580221014921058,0.02901399494761936,0.03222280039239456,0.03542863206486757,0.03863149553054024,0.0418313963391479,0.04502834002471756,0.04822233210563276,0.05141337808468549,0.05460148344914151,0.05778665367079583,0.06096889420603402,0.06414821049588904,0.06732460796609807,0.07049809202716384,0.07366866807441008,0.0768363414880393,0.08000111763318785,0.08316300185998804,0.08632199950361708,0.08947811588436005,0.0926313563076615,0.09578172606418489,0.09892923042986501,0.1020738746659613,0.1052156640191213,0.1083546037214238,0.1114906989904414,0.11462395502929335,0.11775437702669755,0.12088197015702251,0.12400673958034725,0.1271286904425062
298,2063.0,0.0,0.0033096805991656986,0.006616196897357707,0.009919555003273572,0.013219761007765118,0.016516820983905944,0.01981074098706559,0.023101527054973925,0.026389185207794874,0.02967372144819036,0.03295514176139225,0.03623345211527118,0.03950865846040097,0.04278076673012876,0.046049782840639875,0.04931571269102797,0.052578562163357656,0.05583833712273245,0.05909504341736227,0.06234868687862516,0.06559927332113569,0.068846808542808,0.07209129832492067,0.07533274843218107,0.07857116461278979,0.08180655259850367,0.08503891810469932,0.08826826683043576,0.09149460445851654,0.09471793665555372,0.0979382690720283,0.10115560734235363,0.10436995708493457,0.10758132390223096,0.11078971338081756,0.11399513109144399,0.11719758258909607,0.12039707341305528,0.12359360908695916,0.12678719511885772,0.12997783700127785
299,2064.0,0.0,0.003383837916283383,0.006764368001795251,0.010141596783971085,0.013515530770761064,0.01688617645071,0.020253540293031946,0.023617628747690578,0.02697844824547513,0.03033600519807811,0.03369030599816769,0.0370413570194712,0.04038916461684039,0.043733735126336715,0.04707507486529794,0.050413190132419405,0.053748087207822426,0.05707977235313022,0.060408251811542524,0.06373353180790575,0.06705561854878761,0.07037451822254726,0.0736902369994108,0.0770027810315379,0.0803121564530973,0.08361836938033429,0.0869214259116422,0.09022133212763395,0.09351809409120948,0.09681171784762599,0.10010220942456804,0.10338957483221423,0.10667382006330817,0.10995495109322162,0.11323297388002818,0.11650789436456721,0.11977971847051139,0.12304845210443371,0.12631410115587238,0.1295766714973996,0.13283616898468376
300,2065.0,0.0,0.0034583004995218936,0.006913145767870166,0.01036454277216281,0.013812498458269928,0.01725701975091054,0.020698113553732078,0.02413578674939787,0.02757004619967729,0.031000898745524363,0.03442835120716792,0.0378524103841924,0.04127308305562538,0.04469037598001657,0.04810429589552623,0.051514849520003736,0.05492204355107155,0.05832588466620603,0.06172637952282001,0.06512353475834498,0.06851735699030881,0.07190785281641654,0.07529502881463301,0.07867889154325791,0.08205944754100969,0.08543670332709752,0.08881066540130833,0.09218134024407654,0.09554873431656397,0.09891285406074113,0.10227370589945561,0.10563129623651735,0.10898563145676654,0.1123367179261554,0.11568456199181831,0.11902916998214952,0.12237054820687732,0.12570870295713643,0.1290436405055444,0.13237536710626907,0.135703888995109
301,2066.0,0.0,0.0035330741893182527,0.007062541814710777,0.010588410304681606,0.014110687064607053,0.017629379476832963,0.021144494900769306,0.024656040672987434,0.028164024107316887,0.03166845249493422,0.03516933310446291,0.03866667318206618,0.0421604799515376,0.045650760614397434,0.04913752234997926,0.052620772315530306,0.056100517646294534,0.05957676545560853,0.06304952283499121,0.06651879685423001,0.06998459456147454,0.07344692298332456,0.0769057891249183,0.08036119997001778,0.08381316248110338,0.08726168359945108,0.09070677024522888,0.09414842931757716,0.09758666769469526,0.10102149223392809,0.1044529097718514,0.10788092712435615,0.11130555108672802,0.11472678843374107,0.11814464591972751,0.1215591302786736,0.12497024822429292,0.12837800645011432,0.1317824116295574,0.1351834704160182,0.13858118944294873
302,2067.0,0.0,0.0036081645227441506,0.0072125671534575275,0.010813215804530873,0.014410118363205715,0.018003282691687605,0.02159271662724649,0.025178427982326834,0.028760424544651997,0.03233871407732769,0.03591330431894901,0.039484202983703476,0.04305141776147581,0.04661495631794521,0.05017482629469505,0.05373103530930967,0.05728359095547919,0.06083250080309499,0.06437777239835452,0.06791941326386208,0.07145743089871948,0.07499183277863475,0.07852262635601326,0.08204981906005893,0.08557341829686926,0.08909343144953352,0.09260986587822595,0.09612272892030482,0.09963202789040304,0.10313777008052671,0.10663996276014887,0.1101386131762987,0.11363372855365927,0.11712531609465904,0.12061338297955926,0.1240979363665553,0.12757898339185525,0.13105653116978155,0.13453058679285546,0.13800115733188667,0.14146824983606443
303,2068.0,0.0,0.003683576651247744,0.007363232022933541,0.011038974534643309,0.014710812578656363,0.018378754520062657,0.0220428086968818,0.025702983420177627,0.029359286974180332,0.033011727616397035,0.036660313577731696,0.04030505306259924,0.0439459542490388,0.04758302528882785,0.051216274307595455,0.05484570940493816,0.05847133865452703,0.06209317010421822,0.06571121177617112,0.06932547166695224,0.07293595774764583,0.07654267796396352,0.08014564023635318,0.08374485246010677,0.08734032250546564,0.09093205821772932,0.09452006741736163,0.0981043579000942,0.10168493743703255,0.1052618137747614,0.10883499463544855,0.11240448771694567,0.11597030069289271,0.11953244121282092,0.12309091690225449,0.12664573536280743,0.13019690417229102,0.13374443088480925,0.1372883230308588,0.14082858811742804,0.14436523362809872
304,2069.0,0.0,0.003759315245053685,0.007514545698654285,0.011265700311735127,0.015012788005608346,0.018755817672100772,0.022494798173681385,0.026229738343590547,0.029960646985970563,0.033687532875996684,0.03741040476000013,0.04112927135559952,0.04484414135182524,0.04855502340924467,0.052261926160090066,0.05596485820838115,0.059663828130047225,0.06335884447305373,0.0670499157575204,0.0707370504758491,0.07442025709283895,0.07809954404580699,0.08177491974471263,0.08544639257227171,0.08911397088407824,0.09277766300871981,0.09643747724789575,0.10009342187653436,0.10374550514290704,0.10739373526874374,0.11103812044935024,0.1146786688537178,0.11831538862463953,0.1219482878788214,0.12557737470699637,0.12920265717403323,0.13282414331905024,0.1364418411555226,0.14005575867139575,0.1436659038291901,0.14727228456611163
305,2070.0,0.0,0.003835384382637752,0.007666516272055279,0.011493405175543536,0.015316060568303147,0.01913449189359051,0.022948708562862574,0.026758719955920274,0.03056453542104931,0.03436616427516492,0.038163615803952666,0.041956899262008296,0.04574602387297544,0.04953099882968948,0.053311833294307664,0.0570885363984579,0.06086111724336263,0.06462958489998316,0.06839394840915114,0.0721542167817053,0.07591039899862073,0.07966250401114561,0.0834105407409309,0.08715451808016317,0.09089444489169374,0.09463033000916843,0.09836218223715942,0.10209001035128829,0.10581382309835874,0.10953362919648058,0.11324943733519799,0.11696125617561304,0.12066909435051132,0.12437296046448676,0.12807286309406418,0.13176881078782055,0.13546081206651284,0.1391488754231922,0.1428330093233301,0.14651322220493368,0.15018952247867068
306,2071.0,0.0,0.0039117874242280415,0.00781915039781067,0.011722099010294418,0.015620643316496707,0.019514793336669722,0.023404559056657614,0.027289950428054155,0.031170977368362163,0.035047649761148936,0.038919977456202126,0.04278797026968517,0.046651637984291394,0.05051099034939499,0.0543660370812038,0.05821678786291473,0.0620632523448581,0.06590544014464905,0.0697433608473399,0.07357702400556443,0.07740643913968404,0.08123161573793691,0.08505256325658062,0.08886929112004038,0.09268180872104725,0.09649012542078506,0.10029425054903429,0.10409419340430626,0.10788996325399003,0.11168156933448925,0.11546902085136201,0.11925232697945853,0.12303149686305792,0.12680653961600719,0.13057746432185224,0.13434428003397736,0.13810699577573793,0.14186562054059415,0.14562016329224425,0.1493706329647524,0.15311703846268765
307,2072.0,0.0,0.0039885268106485405,0.007972452892222481,0.011951788943331376,0.015926545625036592,0.019896733561042268,0.023862363337855186,0.02782344550497262,0.03177999057504577,0.03573200902405871,0.03967951129149805,0.04362250778052035,0.04756100885812842,0.05149502485533075,0.05542456606731694,0.05934964275361976,0.06327026513828304,0.06718644341002467,0.07109818772239862,0.07500550819396379,0.07890841490843847,0.08280691791486383,0.08670102722776685,0.09059075282731355,0.09447610465947287,0.09835709263616677,0.10223372663543495,0.10610601650158369,0.10997397204533987,0.11383760304401003,0.11769691924162773,0.12155193034910905,0.12540264604439955,0.12924907597262658,0.13309122974624987,0.13692911694520626,0.14076274711705983,0.14459212977714575,0.1484172744087231,0.15223819046310894,0.15605488735983108
308,2073.0,0.0,0.004065603883511404,0.008126426374155837,0.01218247880733525,0.016233772477909802,0.02028031864039148,0.024322128509134178,0.02835921325852997,0.03239158402319786,0.03641925189817341,0.04044222793909613,0.04446052316239957,0.04847414854549781,0.05248311502696579,0.056487433506730245,0.06048711484624736,0.06448216986868793,0.06847260935911637,0.07245844406467139,0.07643968469474416,0.0804163419211581,0.08438842637833988,0.0883559486635015,0.09231891933681169,0.09627734892156914,0.10023124790437654,0.10418062673531114,0.10812549582809394,0.11206586556026066,0.11600174627333137,0.11993314827297441,0.1238600818291773,0.1277825571764084,0.13170058451378397,0.13561417400522924,0.13952333577964504,0.14342807993106543,0.14732841651882067,0.15122435556769842,0.15511590706809697,0.15900308097619087
309,2074.0,0.0,0.0041430186718383055,0.008281070838956683,0.012414168502237644,0.016542323618816912,0.020665548102307696,0.02478385382300452,0.028897252608098167,0.03300575624188484,0.03710937646597312,0.041208124979493554,0.04530201343930251,0.04939105346018824,0.05347525661507335,0.05755463443521647,0.06162919841041559,0.06569895998920527,0.06976393057905605,0.0738241215465707,0.07787954421768406,0.08193020987785404,0.0859761297722561,0.09001731510597599,0.0940537770442047,0.09808552671242232,0.10211257519659256,0.10613493354334835,0.11015261276017885,0.1141656238156159,0.11817397763941972,0.12217768512275784,0.12617675711839693,0.13017120444087116,0.134161037866674,0.1381462681344332,0.14212690594508715,0.14610296196206418,0.15007444681145898,0.1540413710822084,0.15800374532625883,0.1619615800587515
310,2075.0,0.0,0.00422076964044793,0.00843638315608386,0.012646853242907596,0.016852192549770884,0.021052413678614545,0.025247529184697637,0.029437551576833254,0.033622493317615465,0.03780236682364935,0.04197718446577792,0.04614695856930995,0.050311701414239796,0.054471425235476545,0.05862614222306162,0.06277586452238992,0.06692060423443058,0.07106037341594051,0.07519518407968695,0.07932504819465613,0.08344997768627094,0.08756998443660358,0.09168508028458211,0.09579527702620494,0.0999005864147482,0.10400102016097268,0.10809658993332816,0.1121873073581594,0.11627318401991182,0.12035423146132906,0.12443046118365908,0.12850188464685042,0.13256851326975072,0.13663035843030702,0.14068743146575935,0.14473974367283526,0.148787306307947,0.1528301305873816,0.15686822768749176,0.16090160874488868,0.1649302848566303
311,2076.0,0.0,0.004298853393437163,0.008592356477079566,0.01288052267266071,0.017163365351142712,0.021440897832972983,0.025713133388341358,0.02998008523743101,0.034241766550676456,0.03849819044900604,0.04274937000409951,0.046995318238631345,0.051236048126514167,0.05547157259315094,0.0597019045156677,0.06392705672316668,0.06814704199695543,0.07236187307079023,0.07657156263111542,0.08077612331729345,0.08497556772184112,0.08916990839066408,0.09335915782328463,0.09754332847307312,0.10172243274747528,0.10589648300823917,0.11006549157164391,0.11422947070871547,0.11838843264545895,0.1225423895630704,0.1266913535981673,0.13083533684299464,0.13497435134565317,0.13910840911030897,0.14323752209740892,0.147361702223896,0.15148096136341804,0.15559531134654092,0.15970476396095679,0.16380933095169015,0.1679090240213097
312,2077.0,0.0,0.0043772643239363695,0.008748979536344681,0.013115159816284194,0.017475819288188088,0.0218309720221459,0.026180632034185525,0.03052481328654677,0.03486352968796114,0.03919679509392626,0.04352462330697726,0.0478470280769594,0.052164023101295864,0.05647562202525602,0.06078183844221963,0.06508268589394639,0.06937817787083222,0.07366832781217214,0.07795314910642048,0.0822326550914485,0.08650685905479749,0.09077577423393679,0.09503941381651249,0.0992977909406032,0.10355091869496347,0.10779881011927772,0.11204147820440324,0.11627893589261395,0.12051119607784733,0.1247382716059402,0.1289601752748779,0.1331769198350239,0.1373885179893617,0.14159498239372814,0.1457963256570518,0.14999256034158082,0.154183698963116,0.15836975399124276,0.16255073784955743,0.16672666291589255,0.17089754152254688
313,2078.0,0.0,0.004455994198615976,0.008906235821679598,0.013350739838144943,0.01778952115824106,0.022222594633788173,0.026649975058500086,0.031071677168286183,0.03548771564155784,0.039898105099526404,0.044302860106504305,0.04870199517019769,0.05309552474200263,0.05748346321729825,0.061865824935736224,0.06624262418153082,0.07061387518374662,0.07497959211657923,0.07933978909964301,0.08369448019825043,0.08804367942369273,0.09238740073351526,0.09672565803179545,0.1010584651694173,0.10538583594434137,0.10970778410187876,0.11402432333495804,0.11833546728439037,0.1226412295391417,0.1269416236365859,0.13123666306277837,0.13552636125270956,0.1398107315905639,0.14408978740997958,0.14836354199430302,0.15263200857684245,0.15689520034111926,0.16115313042111934,0.1654058119015458,0.1696532578180574,0.17389548115752618
314,2079.0,0.0,0.004535031661407896,0.009064102583618006,0.013587228559010622,0.018104425316894712,0.022615708523845424,0.027121093784042483,0.031620596639595266,0.03611423257088253,0.04060201699687482,0.04508396527545866,0.04956009270376738,0.05403041451849555,0.058494945896224504,0.06295370195373495,0.06740669774832586,0.0718539482781253,0.07629546848240354,0.08073127324187945,0.08516137737903229,0.08958579565840052,0.09400454278689185,0.09841763341407717,0.10282508213249475,0.10722690347794606,0.11162311192978924,0.1160137219112376,0.12039874778964288,0.1247782038767915,0.12915210442918879,0.1335204636483467,0.13788329568106583,0.1422406146197175,0.1465924345025278,0.15093876931384953,0.15527963298444503,0.15961503939175525,0.16394500236017873,0.1682695356613384,0.17258865301435256,0.1769023680861035
315,2080.0,0.0,0.004614361634343478,0.009222549639459565,0.013824580665630748,0.018420471295453655,0.023010238044206766,0.02759389736021811,0.03217146562522499,0.03674295915474035,0.04130839419840493,0.0458677869403461,0.0504211534995318,0.05496850993012048,0.05950987222181103,0.06404525630018698,0.06857467802706196,0.07309815320082125,0.07761569755676279,0.08212732676742895,0.08663305644294983,0.09113290213136738,0.09562687931897074,0.10011500343062352,0.10459728983008887,0.10907375382035456,0.11354441064395404,0.11800927548328666,0.1224683634609316,0.12692168963996986,0.1313692690242907,0.13581111655890732,0.14024724713026426,0.1446776755665442,0.1491024166379753,0.15352148505713137,0.15793489547923123,0.16234266250244556,0.16674480066818642,0.17114132446140617,0.1755322483108892,0.17991758658954504
316,2081.0,0.0,0.004693964581564014,0.00938153790430496,0.014062737511787216,0.018737580874994553,0.023406085392732034,0.02806826839202836,0.03272414712852889,0.03737373878688777,0.04201706048116405,0.04665412925520451,0.05128496208303135,0.055909575869224515,0.06052798744930277,0.0651402135900998,0.06974627099013953,0.07434617628000861,0.07893994602272647,0.0835275967141107,0.08810914478314746,0.09268460659234501,0.09725399843810179,0.10181733655105818,0.10637463709645534,0.11092591617448422,0.1154711898206382,0.12001047400606213,0.12454378463789251,0.12907113755960786,0.13359254855136182,0.1381080333303295,0.14261760755103703,0.14712128680569947,0.1516190866245517,0.1561110224761797,0.16059710976784336,0.16507736384580518,0.1695517999956535,0.17402043344262408,0.17848327935191266,0.18294035282900056
317,2082.0,0.0,0.004773816030029909,0.009541018433562698,0.01430162568368365,0.019055656175713143,0.023803128227645853,0.02854406008058552,0.03327846989917349,0.03800637577202215,0.04272779571213636,0.04744274765734158,0.05215124947069638,0.05685331894091705,0.061548973782786565,0.06623823163756404,0.07092111007339996,0.07559762658573677,0.08026779859770938,0.08493164346054893,0.08958917845398018,0.09424042078661143,0.09888538759632937,0.10352409595068668,0.1081565628472907,0.11278280521418083,0.11740283991021672,0.12201668372545127,0.12662435338150946,0.13122586553195692,0.13582123676267654,0.14041048359223218,0.14499362247223502,0.14957066978770817,0.15414164185744417,0.15870655493436603,0.16326542520588117,0.16781826879423445,0.17236510175686082,0.17690594008673344,0.18144079971270521,0.1859696964998614
318,2083.0,0.0,0.004853885580253348,0.009700930448299783,0.014541154043787863,0.01937457572311141,0.024201214759889123,0.02902109034543665,0.03383422158923466,0.03864062751940045,0.0434403270831476,0.04823333914724737,0.053019682498484766,0.05779937584411288,0.06257243781230404,0.06733888695259482,0.0720987417363319,0.07685202055711216,0.0815987417312205,0.08633892349806516,0.09107258402060836,0.09579974138579361,0.10052041360497599,0.10523461861433914,0.10994237427531717,0.11464369837501431,0.11933860862661261,0.12402712266978844,0.12870925807111488,0.13338503232447474,0.13805446285145395,0.14271756700174754,0.1473743620535557,0.15202486521397285,0.1566690936193864,0.16130706433585873,0.16593879435951786,0.17056430061693773,0.1751835999655209,0.17979670919387614,0.18440364502219264,0.18900442410261364
319,2084.0,0.0,0.004934135726160527,0.009861198979649988,0.014781210204432682,0.019694189755412594,0.0246001578989552,0.02949913481340216,0.03439114058957893,0.03927619523130854,0.04415431865590991,0.0490255306947005,0.053889851093494645,0.05874729951309332,0.06359789552977801,0.06844165863578988,0.07327860823981958,0.07810876366748243,0.08293214416179451,0.0877487688836438,0.09255865691226406,0.09736182724569042,0.10215829880123284,0.10694809041592634,0.1117312208469925,0.11650770877228434,0.12127757279074469,0.12604083142284628,0.13079750311103444,0.1355476062201686,0.1402911590379583,0.14502817977539673,0.14975868656719182,0.15448269747219,0.1592002304738065,0.1639113034804418,0.16861593432590105,0.17331414076981178,0.1780059404980343,0.18269135112307433,0.18737039018448476,0.19204307514927388
320,2085.0,0.0,0.0050145204229843365,0.010021732010333295,0.015021656248674908,0.0200143145294418,0.02499972814944007,0.029977918311405727,0.03494890612455981,0.03991271260516749,0.04486935867707276,0.049818865172251314,0.05476125283135058,0.05969654230421817,0.06462475415043967,0.06954590883986445,0.07446002675312746,0.07936712818217284,0.08426723333076769,0.08916036231501323,0.09404653516385952,0.09892577181960194,0.1037980921383892,0.10866351589071677,0.11352206276192467,0.11837375235268421,0.1232186041794896,0.12805663767513797,0.13288787218920683,0.13771232698853764,0.1425300212577043,0.14734097409948266,0.15214520453531977,0.15694273150579408,0.16173357387107545,0.16651775041138395,0.17129527982744053,0.17606618074091918,0.18083047169489186,0.1855881711542735,0.19033929750626077,0.1950838690607708
321,2086.0,0.0,0.005094983330102387,0.010182416967467578,0.015262323480167428,0.020334725334605785,0.025399644896130003,0.03045710442964422,0.035507126100204456,0.04054973197362566,0.04558494401706925,0.05061278409963643,0.05563327399295526,0.06064643537175529,0.06565228981445115,0.07065085880370914,0.07564216372702282,0.0806262258772672,0.0856030664532681,0.09057270656034921,0.09553516721088995,0.10049046932486982,0.10543863373041162,0.11037968116432273,0.11531363227262759,0.12024050761110194,0.12516032764579776,0.13007311275357214,0.134978883222598,0.13987765925288898,0.1447694609568071,0.14965430835957338,0.15453222139977063,0.15940321992984652,0.16426732371661013,0.16912455244172708,0.17397492570220718,0.17881846301089555,0.1836551837969509,0.1884851074063323,0.19330825310226674,0.19812464006572972
322,2087.0,0.0,0.0051754556358116766,0.010343116381038797,0.015503005924202728,0.020655147845329402,0.025799565616616782,0.030936282603095666,0.036065322063278504,0.04118670714981487,0.04630046091013318,0.051406606287077494,0.05650516611954748,0.06159616314312322,0.0666796199906945,0.07175555919307586,0.07682400317962879,0.08188497427886654,0.0869384947190639,0.09198458662885711,0.09702327203784478,0.10205457287717268,0.10707851098013199,0.1120951080827357,0.1171043858243026,0.12210636574802702,0.1271010693015575,0.1320885178375577,0.13706873261426988,0.14204173479607318,0.14700754545404093,0.151966185566486,0.15691767601950968,0.1618620376075408,0.16679929103388114,0.17172945691122754,0.1766525557622125,0.18156860801992503,0.18647763402843553,0.1913796540433137,0.19627468823214,0.20116275667502093
323,2088.0,0.0,0.005255853342486905,0.010503662465479291,0.0157434522168991,0.020975247328983926,0.026199072419015756,0.03141495199003019,0.03662291043152832,0.04182297202017837,0.04701516092051561,0.05219950118563199,0.05737601675786497,0.0625447314694827,0.06770566904335373,0.07285885309362516,0.07800430712638384,0.08314205454032253,0.08827211862739004,0.09339452257344627,0.09850928945891191,0.10361644225939859,0.10871600384635638,0.1138079969876995,0.11889244434843516,0.1239693684912817,0.1290387918772926,0.1341007368664635,0.13915522571834105,0.14420228059262774,0.14924192354977972,0.15427417655160136,0.15929906146183548,0.16431660004674908,0.16932681397571114,0.17432972482177522,0.17932535406224615,0.18431372307925242,0.18929485316030625,0.1942687654988684,0.19923548119489753,0.204195021255408
324,2089.0,0.0,0.005336073851629042,0.01066385030406769,0.0159833554031672,0.021294615071543177,0.02659765510936074,0.03189250119510367,0.0371791788863427,0.04245771362049888,0.047728130715595896,0.052990455371013656,0.05824471266822551,0.06349092757154162,0.06872912492883865,0.07395932947228356,0.079181565819058,0.08439585847207365,0.0896022318206744,0.09480071014134772,0.09999131759842195,0.10517407824475367,0.11034901602242142,0.11551615476340515,0.12067551819026257,0.12582712991680278,0.13097101344875117,0.13610719218441325,0.14123568941532705,0.1463565283269177,0.15146973199914404,0.15657532340713676,0.1616733254218401,0.1667637608106376,0.17184665223798445,0.17692202226602705,0.18198989335521887,0.18705028786493694,0.1921032280540893,0.19714873608171368,0.20218683400758408,0.2072175437928001
325,2090.0,0.0,0.005415991636240847,0.010823429211956004,0.01622234000856393,0.021612751176326217,0.026994689735190036,0.032368182575621685,0.03773325645943881,0.043089938020634655,0.04843825376618982,0.0537782300768872,0.05910989320811266,0.06443326929065085,0.06974838433148012,0.07505526421455144,0.08035393470157226,0.08564442143277384,0.09092674992767957,0.09620094558586212,0.10146703368770504,0.10672503939513645,0.11197498775238834,0.117216903686717,0.12245081200914454,0.12767673741517838,0.13289470448553153,0.1381047376868363,0.14330686137235205,0.14850109978266657,0.15368747704639585,0.1588660171808729,0.16403674409283342,0.16919968157910148,0.1743548533272583,0.1795022829163213,0.18464199381739865,0.1897740093943585,0.194898352904481,0.2000150474991096,0.20512411622429205,0.21022558202142472
326,2091.0,0.0,0.005495452718974558,0.010982091715991071,0.016459945544168075,0.021929042617162775,0.027389411210090753,0.03284107946042614,0.03828407536889378,0.04371842680036586,0.04914416148473677,0.05456130701779882,0.05996989086211135,0.06536994034786003,0.07076148267370819,0.07614454490764588,0.08151915398782661,0.08688533672340215,0.09224311979534949,0.09759252975728705,0.10293359303629002,0.10826633593369417,0.113590784625901,0.1189069651651633,0.12421490348038144,0.12951462537787783,0.13480615654217232,0.14008952253675533,0.14536474880484596,0.15063186067015,0.15589088333761048,0.16114184189415282,0.1663847613094238,0.17161966643652482,0.1768465820127365,0.1820655326602445,0.18727654288685303,0.19247963708669635,0.19767483954094178,0.20286217441849308,0.20804166577667838,0.2132133375619456
327,2092.0,0.0,0.005574267582435066,0.011139459405783203,0.016695605328657326,0.022242735061551056,0.027780878167820156,0.03331006406465997,0.03883032202406733,0.04434168117380244,0.049844170498337004,0.05533781883980149,0.06082265489891059,0.06629870723590159,0.07176600427144564,0.07722457428756124,0.08267444542852243,0.08811564570175356,0.09354820297871713,0.09897214499579832,0.10438749935518388,0.10979429352572145,0.11519255484379043,0.12058231051414925,0.12596358761078852,0.131336413077765,0.1367008137300414,0.142056816254311,0.14740444720981793,0.15274373302917077,0.15807470001915025,0.1633973743615118,0.16871178211377869,0.17401794921002756,0.1793159014616763,0.18460566455825633,0.1898872640681808,0.1951607254395098,0.20042607400071022,0.20568333496140356,0.21093253341311202,0.21617369433000055
328,2093.0,0.0,0.005652202007718987,0.01129506465038066,0.01692861912251109,0.022552896461501604,0.02816792754866304,0.03377374311028136,0.03937037371865193,0.04495784979311823,0.05053620160108929,0.05610545925905841,0.061665652733607246,0.06721681184240547,0.07275896625520106,0.07829214549479646,0.08381637893802862,0.08933169581672962,0.09483812521868495,0.1003356960885835,0.10582443722896206,0.11130437730112819,0.11677554482610075,0.12223796818551458,0.12769167562254324,0.13313669524279304,0.13857305501520534,0.14400078277294215,0.14941990621426848,0.15483045290342545,0.16023245027149935,0.1656259256172814,0.17101090610811953,0.17638741878076702,0.1817554905422214,0.18711514817055397,0.19246641831574118,0.1978093275004782,0.20314390212099864,0.2084701684478767,0.2137881526268255,0.2190978806794921
329,2094.0,0.0,0.005728965121904572,0.011448326745220339,0.0171581174260238,0.022858369553909075,0.028549115353126986,0.03423038688371349,0.039902216042606575,0.045564634564761786,0.05121767402424782,0.0568613658353363,0.06249574125358848,0.06812083137692415,0.07373666714668525,0.07934327934869012,0.08494069861428155,0.09052895542136064,0.09610808009541527,0.1016781028105389,0.10723905359044839,0.11279096230947205,0.11833385869355917,0.1238677723212529,0.12939273262467887,0.13490876889050618,0.14041591026091238,0.1459141857345383,0.15140362416742859,0.15688425427397545,0.16235610462784367,0.16781920366289738,0.17327357967411183,0.17871926081848022,0.18415627511591737,0.1895846504501475,0.19500441456959505,0.20041559508825557,0.2058182194865723,0.21121231511230087,0.21659790918135835,0.22197502877868258
330,2095.0,0.0,0.005804193478829323,0.011598520142838353,0.017383013928676583,0.023157708596867277,0.028922637733041157,0.0346778347491421,0.040423332884628405,0.04615916520766694,0.051885364616311325,0.05760196383967564,0.06330899543908952,0.069006491809255,0.07469448517938382,0.08037300761432586,0.08604209101569671,0.09170176712298472,0.09735206751465197,0.10299302360923202,0.10862466666641035,0.11424702778809648,0.11986013791949546,0.12546402785015376,0.13105872821502063,0.13664426949547215,0.14222068202035,0.14778799596698322,0.15334624136219244,0.15889544808330092,0.16443564585913073,0.16996686427098284,0.17548913275362565,0.1810024805962578,0.18650693694347753,0.19200253079623186,0.1974892910127699,0.2029672463095742,0.20843642526230077,0.21389685630669764,0.21934856773952083,0.2247915877194444
331,2096.0,0.0,0.005877428792313122,0.011744730014922045,0.017601938994998623,0.023449090873718603,0.029286220607580127,0.03511336296969425,0.04093055255107858,0.04673782376192781,0.05253521083287982,0.058322747816273335,0.06410046858738427,0.0698684068456612,0.07562659611594524,0.08137506974968156,0.08711386092611839,0.09284300265349454,0.09856252777022467,0.10427246894605746,0.10997285868325024,0.11566372931770053,0.1213451130201002,0.12701704179705242,0.13267954749220223,0.1383326617873375,0.14397641620349555,0.14961084210205255,0.15523597068580441,0.16085183300004058,0.16645845993360764,0.1720558822199636,0.17764413043822547,0.18322323501420268,0.1887932262214287,0.19435413418218017,0.19990598886848554,0.20544882010312948,0.2109826575606486,0.2165075307683133,0.22202346910710968,0.2275305018127063
332,2097.0,0.0,0.005948083391678516,0.01188578330713419,0.017813136461605428,0.02373017937430877,0.029636948369852423,0.03553347957961561,0.04141980894312658,0.04729597220942594,0.05316200493841894,0.059017942502212595,0.0648638200864422,0.07069967269159028,0.07652553513428861,0.0823414420486075,0.08814742788734309,0.09394352692328134,0.09972977325046051,0.10550620078541462,0.11127284326841735,0.11702973426469754,0.1227769071656648,0.12851439519010333,0.13424223138537883,0.139960448628611,0.14566907962785303,0.15136815692325412,0.15705771288821113,0.16273777973051473,0.16840838949347914,0.1740695740570719,0.17972136513902148,0.18536379429592964,0.19099689292435817,0.1966206922619227,0.2022352233883633,0.20784051722661756,0.21343660454387514,0.21902351595263037,0.22460128191172046,0.23016993272735853
333,2098.0,0.0,0.006015376714302967,0.01202012197621638,0.018014273869313424,0.023997870271099675,0.02997094885451057,0.03593354708938845,0.04188570224394583,0.047827451386222464,0.05375883138552018,0.059679878913831974,0.065590630447252,0.0714911222673833,0.07738139046271764,0.08326147093001701,0.08913139937567438,0.09499121131706856,0.10084094208389693,0.10668062681950907,0.11251030048222477,0.11832999784662546,0.12413975350486162,0.12993960186792375,0.1357295771669187,0.14150971345432373,0.14728004460523714,0.153040604318615,0.15879142611849284,0.16453254335520828,0.17026398920659824,0.17598579667919934,0.18169799860942915,0.1874006276647573,0.1930937163448747,0.19877729698284297,0.20445140174623555,0.2101160626382801,0.215771311498973,0.22141718000619948,0.22705369967683575,0.23268090186784596
334,2099.0,0.0,0.006078193726135606,0.012145520366844575,0.018202019329138786,0.024247729804068197,0.030282690768312026,0.03630694098574683,0.04232051900900169,0.04832346318100056,0.05431581163648902,0.060297602303549525,0.06626887290509664,0.07222966096037053,0.07818000378640333,0.08411993849947885,0.09004950201658435,0.0959687310568369,0.10187766214290628,0.1077763316024214,0.11366477556937005,0.11954302998547028,0.12541113060155418,0.13126911297890986,0.13711701249064268,0.14295486432299587,0.14878270347668154,0.15460056476818584,0.160408482831067,0.16620649211724414,0.17199462689827305,0.17777292126660837,0.1835414091368599,0.18930012424703335,0.19504910015976007,0.20078837026351914,0.20651796777384845,0.2122379257345437,0.21794827701884456,0.22364905433061955,0.22934029020552504,0.23502201701217285
335,2100.0,0.0,0.0061347197755985405,0.012258356255158365,0.018370950083879567,0.024472541681564763,0.03056317124429997,0.03664287874610794,0.04271170394059309,0.04876968636257262,0.05481686532968544,0.060853279943994476,0.06687896909356583,0.07289397145404264,0.07889832549019626,0.08489206945746641,0.09087524140349057,0.09684787916961302,0.10281002039238452,0.10876170250504469,0.11470296273900038,0.12063383812527428,0.12655436549595755,0.13246458148563311,0.13836452253280607,0.14425422488129813,0.15013372458164786,0.1560030574924891,0.1618622592819201,0.1677113654288589,0.17355041122438886,0.17937943177309013,0.1851984619943594,0.19100753662372094,0.19680669021411878,0.2025959571372069,0.20837537158462238,0.21414496756924617,0.2199047789264581,0.22565483931537678,0.2313951822200857,0.23712584095085854
